session_id,subscriber_id,date,genre,device,duration_min,rating
51573,1166,2024-04-11,Animation,Mobile,72,1
50017,1429,2024-06-25,Romance,Mobile,53,5
50861,1404,2024-07-05,Action,Smart TV,49,5
54446,1520,2024-07-01,Series,Laptop,66,3
51561,1052,2024-06-13,Action,Laptop,81,5
51938,1078,2024-08-27,Documentary,Mobile,60,4
52050,1343,2024-02-26,Action,Tablet,86,3
54963,1444,2024-08-04,Series,Smart TV,56,4
50908,1521,2024-04-02,Drama,Smart TV,68,4
51976,1555,2024-04-11,Drama,Mobile,84,5
53320,1318,2024-08-16,Drama,Smart TV,64,4
50859,1078,2024-02-25,Comedy,Smart TV,60,5
52494,1321,2024-04-19,Drama,Smart TV,55,4
54327,1149,2024-01-02,Documentary,Laptop,58,5
53590,1178,2024-07-30,Romance,Mobile,17,4
54308,1416,2024-07-27,Romance,Mobile,93,5
53105,1172,2024-06-29,Action,Smart TV,21,3
53486,1199,2024-05-01,Comedy,Smart TV,79,5
50039,1201,2024-08-10,Romance,Laptop,77,4
51353,1417,2024-06-14,Drama,Smart TV,78,4
52560,1170,2024-05-22,Romance,Laptop,81,5
53103,1266,2024-05-30,Horror,Mobile,93,4
51081,1551,2024-07-14,Documentary,Smart TV,69,4
53526,1265,2024-03-05,Animation,Laptop,98,5
50951,1090,2024-01-01,Romance,Laptop,36,4
54085,1340,2024-03-02,Series,Smart TV,104,4
50518,1338,2024-04-11,Comedy,Mobile,53,4
54618,1503,2024-02-10,Series,Mobile,73,5
54171,1504,2024-03-22,Action,Smart TV,38,4
51780,1184,2024-05-23,Documentary,Mobile,26,5
50780,1186,2024-02-12,Series,Smart TV,89,2
54240,1442,2024-03-16,Drama,Laptop,74,4
52340,1005,2024-05-29,Drama,Tablet,52,4
51343,1585,2024-01-15,Documentary,Mobile,92,5
50462,1099,2024-01-28,Action,Laptop,48,4
51160,1304,2024-03-20,Horror,Mobile,155,5
53119,1296,2024-04-04,Series,Laptop,103,5
54338,1592,2024-08-27,Romance,Laptop,13,4
50266,1032,2024-08-22,Horror,Laptop,60,3
54912,1449,2024-02-09,Animation,Smart TV,113,4
53310,1287,2024-08-04,Animation,Laptop,19,3
54531,1550,2024-04-08,Series,Mobile,10,5
54562,1430,2024-02-12,Drama,Laptop,29,4
53413,1188,2024-05-22,Animation,Laptop,86,4
53761,1523,2024-06-19,Series,Laptop,90,5
52941,1534,2024-07-01,Series,Smart TV,30,2
50365,1334,2024-05-06,Comedy,Laptop,27,3
50696,1260,2024-01-28,Series,Mobile,97,3
52976,1464,2024-06-21,Romance,Mobile,5,5
54086,1575,2024-01-03,Romance,Laptop,38,4
50308,1294,2024-04-28,Action,Laptop,37,4
53234,1066,2024-04-28,Horror,Smart TV,58,4
52675,1201,2024-06-02,Animation,Smart TV,79,5
52756,1355,2024-07-31,Series,Laptop,100,5
51537,1036,2024-01-05,Action,Tablet,27,5
54460,1127,2024-02-25,Documentary,Laptop,54,5
54582,1402,2024-03-08,Horror,Laptop,5,4
54690,1463,2024-02-19,Action,Smart TV,48,4
50521,1141,2024-08-13,Action,Mobile,103,5
53650,1183,2024-01-18,Animation,Tablet,79,4
50874,1180,2024-04-21,Series,Smart TV,34,4
50400,1041,2024-07-26,Animation,Mobile,26,5
50406,1482,2024-07-05,Romance,Laptop,82,5
53312,1352,2024-04-08,Romance,Smart TV,5,5
54903,1024,2024-04-08,Comedy,Smart TV,97,1
54849,1060,2024-01-04,Animation,Tablet,69,3
53781,1514,2024-06-13,Action,Laptop,67,4
51874,1404,2024-05-12,Series,Smart TV,20,4
51372,1447,2024-06-19,Drama,Tablet,93,5
51830,1118,2024-02-28,Animation,Laptop,60,4
54868,1060,2024-07-22,Documentary,Laptop,9,4
50660,1212,2024-08-07,Animation,Tablet,54,5
50113,1438,2024-08-05,Documentary,Mobile,45,4
50026,1224,2024-02-12,Documentary,Mobile,48,4
53138,1074,2024-01-05,Drama,Laptop,48,5
53322,1212,2024-06-16,Series,Laptop,50,4
52364,1121,2024-01-19,Drama,Laptop,41,1
53747,1490,2024-04-19,Series,Laptop,36,5
50900,1339,2024-06-24,Action,Mobile,53,5
53173,1358,2024-03-31,Documentary,Laptop,75,5
53886,1242,2024-05-25,Comedy,Laptop,88,4
54016,1419,2024-04-14,Romance,Laptop,21,5
52287,1068,2024-08-24,Documentary,Smart TV,82,4
53466,1261,2024-03-16,Romance,Laptop,23,3
52327,1078,2024-03-14,Action,Laptop,18,5
52651,1111,2024-06-19,Comedy,Laptop,55,2
54800,1178,2024-02-16,Animation,Laptop,5,4
51008,1110,2024-08-17,Horror,Laptop,25,4
54787,1450,2024-02-16,Action,Smart TV,131,4
54817,1481,2024-08-22,Drama,Smart TV,61,2
54374,1226,2024-05-27,Animation,Mobile,5,2
51512,1540,2024-02-21,Action,Mobile,63,5
54318,1141,2024-06-13,Animation,Mobile,5,4
53949,1108,2024-03-11,Animation,Smart TV,25,4
52201,1124,2024-06-17,Drama,Laptop,34,5
50368,1460,2024-07-22,Series,Mobile,21,5
53335,1056,2024-01-16,Drama,Smart TV,73,4
50554,1361,2024-07-22,Animation,Smart TV,52,4
52155,1271,2024-03-31,Animation,Mobile,30,4
50613,1596,2024-04-03,Drama,Mobile,44,4
50996,1408,2024-04-07,Documentary,Laptop,43,4
54142,1463,2024-01-04,Romance,Mobile,55,5
50005,1402,2024-04-21,Romance,Mobile,39,3
54566,1268,2024-01-26,Romance,Mobile,45,5
53779,1025,2024-06-16,Animation,Smart TV,31,5
53214,1138,2024-07-17,Romance,Tablet,23,5
50062,1316,2024-02-05,Documentary,Smart TV,28,3
53518,1013,2024-01-10,Comedy,Laptop,63,5
54677,1498,2024-08-10,Series,Smart TV,79,3
50865,1179,2024-06-06,Animation,Mobile,56,2
52542,1561,2024-03-02,Horror,Smart TV,58,5
50419,1217,2024-04-25,Comedy,Tablet,100,3
51827,1553,2024-01-21,Comedy,Tablet,120,3
53716,1180,2024-07-10,Documentary,Smart TV,41,5
53580,1345,2024-02-03,Documentary,Laptop,63,4
54180,1038,2024-02-10,Animation,Smart TV,78,4
51592,1345,2024-06-10,Documentary,Smart TV,39,5
53459,1454,2024-05-04,Drama,Mobile,77,5
50275,1226,2024-01-27,Drama,Smart TV,66,3
52400,1492,2024-06-19,Animation,Smart TV,40,5
50958,1326,2024-04-19,Animation,Laptop,63,5
51063,1476,2024-05-29,Drama,Smart TV,28,4
53861,1465,2024-08-10,Horror,Mobile,27,4
53292,1199,2024-08-13,Comedy,Smart TV,46,4
54981,1441,2024-06-01,Documentary,Smart TV,62,3
50717,1385,2024-02-23,Comedy,Smart TV,55,4
51787,1051,2024-03-12,Romance,Laptop,63,5
51396,1546,2024-01-13,Series,Laptop,57,3
51204,1452,2024-02-27,Drama,Mobile,43,5
51464,1495,2024-01-08,Animation,Smart TV,36,4
51865,1278,2024-07-17,Action,Smart TV,71,5
50304,1053,2024-03-10,Animation,Tablet,119,5
54144,1508,2024-06-05,Action,Mobile,92,4
51611,1496,2024-05-05,Animation,Tablet,19,4
50323,1470,2024-05-14,Action,Laptop,70,4
54621,1271,2024-04-24,Series,Smart TV,20,4
54080,1058,2024-01-30,Documentary,Laptop,87,4
50184,1124,2024-06-02,Animation,Mobile,115,4
52586,1441,2024-04-19,Series,Smart TV,54,2
51288,1055,2024-04-11,Drama,Smart TV,33,5
50840,1156,2024-04-13,Animation,Smart TV,85,5
50679,1490,2024-05-26,Romance,Smart TV,36,4
50644,1395,2024-06-06,Series,Mobile,34,5
50027,1246,2024-07-04,Drama,Mobile,79,4
50410,1135,2024-03-16,Series,Tablet,42,5
50706,1422,2024-02-28,Documentary,Smart TV,64,5
51414,1252,2024-01-29,Comedy,Laptop,108,5
50793,1176,2024-04-01,Documentary,Smart TV,84,4
54298,1244,2024-05-12,Series,Smart TV,24,2
52236,1524,2024-06-06,Animation,Laptop,64,1
54218,1049,2024-03-18,Action,Mobile,5,4
52182,1299,2024-02-06,Drama,Smart TV,5,4
53056,1127,2024-07-26,Horror,Mobile,57,5
54543,1142,2024-05-13,Drama,Smart TV,29,4
54564,1425,2024-07-04,Drama,Smart TV,41,5
52874,1004,2024-05-14,Comedy,Smart TV,21,5
53121,1079,2024-03-11,Animation,Laptop,33,5
53097,1570,2024-02-27,Horror,Tablet,43,5
51191,1368,2024-06-20,Animation,Mobile,98,4
52396,1525,2024-05-27,Romance,Laptop,47,3
51987,1556,2024-08-28,Animation,Smart TV,61,1
53341,1165,2024-08-09,Series,Mobile,65,4
50584,1231,2024-06-12,Romance,Smart TV,30,5
50959,1119,2024-05-01,Action,Mobile,32,3
52246,1510,2024-07-22,Action,Laptop,75,4
53223,1304,2024-07-15,Action,Smart TV,97,2
54929,1466,2024-04-27,Series,Laptop,107,5
51183,1387,2024-04-27,Action,Mobile,72,5
51693,1239,2024-04-01,Horror,Laptop,38,5
52803,1252,2024-06-10,Action,Smart TV,56,5
54988,1089,2024-08-08,Documentary,Smart TV,23,2
54930,1107,2024-02-10,Animation,Mobile,24,5
54557,1495,2024-03-20,Documentary,Mobile,61,4
52217,1469,2024-05-04,Documentary,Smart TV,23,5
50495,1096,2024-02-24,Drama,Mobile,81,4
50909,1076,2024-07-14,Animation,Laptop,74,4
51650,1265,2024-01-23,Horror,Smart TV,29,5
51169,1053,2024-08-15,Series,Laptop,34,4
53217,1219,2024-03-21,Series,Mobile,35,5
51250,1528,2024-03-21,Animation,Mobile,107,4
50170,1533,2024-01-22,Horror,Laptop,40,4
52123,1324,2024-03-27,Series,Smart TV,5,5
51940,1281,2024-01-09,Animation,Laptop,67,4
54862,1460,2024-01-22,Action,Laptop,71,3
52378,1533,2024-05-10,Drama,Tablet,82,5
54654,1190,2024-07-20,Documentary,Smart TV,76,5
51421,1509,2024-02-01,Horror,Mobile,22,4
53681,1600,2024-04-15,Documentary,Smart TV,75,4
52117,1399,2024-06-01,Romance,Mobile,65,4
53808,1176,2024-02-12,Animation,Mobile,62,4
51623,1494,2024-02-25,Romance,Laptop,68,4
50037,1503,2024-05-18,Action,Smart TV,59,5
50569,1487,2024-08-28,Action,Laptop,70,4
53399,1538,2024-04-29,Animation,Mobile,45,3
54491,1313,2024-04-19,Animation,Mobile,51,5
50303,1314,2024-04-23,Comedy,Smart TV,53,4
50834,1288,2024-04-19,Horror,Mobile,34,5
51378,1273,2024-01-12,Romance,Laptop,41,5
51125,1129,2024-08-08,Animation,Smart TV,12,4
50307,1330,2024-04-10,Romance,Tablet,28,5
52912,1567,2024-05-14,Documentary,Mobile,17,4
53683,1548,2024-02-21,Romance,Mobile,67,4
53180,1179,2024-05-05,Romance,Laptop,27,4
54099,1155,2024-05-07,Action,Mobile,75,5
51281,1316,2024-05-13,Action,Tablet,33,5
52731,1449,2024-03-23,Animation,Tablet,46,5
50452,1179,2024-01-22,Animation,Laptop,64,2
50904,1395,2024-08-19,Series,Laptop,51,3
51459,1341,2024-08-18,Action,Laptop,46,3
53973,1493,2024-03-07,Documentary,Laptop,43,2
54377,1502,2024-01-23,Romance,Laptop,89,4
54937,1196,2024-05-21,Comedy,Laptop,30,5
52525,1344,2024-04-23,Animation,Smart TV,46,4
53482,1586,2024-05-14,Action,Tablet,54,3
53803,1390,2024-01-01,Comedy,Smart TV,81,3
54061,1291,2024-02-20,Documentary,Smart TV,54,4
53179,1470,2024-06-06,Animation,Mobile,5,4
53553,1082,2024-01-21,Drama,Smart TV,55,5
52011,1090,2024-07-28,Action,Laptop,20,5
54486,1336,2024-01-18,Romance,Smart TV,30,4
53331,1350,2024-06-21,Animation,Smart TV,67,4
54867,1534,2024-04-23,Series,Smart TV,89,5
52466,1199,2024-02-15,Horror,Smart TV,94,5
50319,1253,2024-08-24,Comedy,Mobile,61,5
53026,1081,2024-04-04,Horror,Laptop,76,5
52849,1208,2024-02-16,Series,Laptop,11,4
52460,1017,2024-04-17,Animation,Mobile,57,3
51391,1416,2024-05-03,Series,Laptop,62,5
54711,1393,2024-03-30,Drama,Laptop,63,4
53729,1334,2024-07-18,Comedy,Mobile,5,4
54975,1466,2024-01-16,Action,Smart TV,45,1
52685,1132,2024-02-02,Documentary,Mobile,67,4
52143,1389,2024-07-17,Documentary,Smart TV,45,2
53062,1569,2024-08-25,Romance,Laptop,78,4
50001,1188,2024-05-22,Series,Mobile,62,5
53678,1011,2024-03-05,Comedy,Mobile,73,4
54458,1273,2024-07-11,Drama,Smart TV,56,3
53671,1165,2024-06-14,Series,Mobile,102,4
51911,1371,2024-07-30,Horror,Smart TV,48,2
52713,1189,2024-07-09,Action,Laptop,19,5
51291,1249,2024-05-09,Horror,Laptop,13,3
51079,1042,2024-04-03,Drama,Laptop,53,4
52777,1203,2024-06-25,Romance,Laptop,80,4
53241,1332,2024-07-06,Action,Smart TV,5,4
53099,1246,2024-03-12,Series,Laptop,72,2
53286,1462,2024-03-29,Series,Smart TV,5,5
52793,1553,2024-01-28,Action,Mobile,49,4
50317,1514,2024-03-09,Romance,Laptop,65,4
53416,1130,2024-01-12,Horror,Smart TV,69,3
50383,1537,2024-05-09,Horror,Mobile,65,4
53111,1355,2024-05-03,Horror,Laptop,32,4
54365,1490,2024-05-03,Documentary,Laptop,44,5
51981,1283,2024-01-15,Romance,Mobile,37,5
54624,1082,2024-04-25,Comedy,Laptop,62,1
53369,1126,2024-07-04,Romance,Smart TV,98,4
54155,1596,2024-02-21,Action,Laptop,53,4
54172,1109,2024-07-05,Animation,Laptop,52,4
53130,1346,2024-03-05,Series,Smart TV,52,4
52557,1111,2024-04-23,Action,Laptop,36,4
53659,1347,2024-07-20,Comedy,Smart TV,21,5
50223,1112,2024-04-02,Documentary,Laptop,46,4
51990,1375,2024-08-13,Animation,Laptop,5,4
54934,1451,2024-06-09,Series,Laptop,50,4
53680,1058,2024-06-03,Comedy,Mobile,34,4
52457,1373,2024-02-11,Action,Smart TV,29,4
50813,1595,2024-03-14,Animation,Smart TV,37,1
53605,1418,2024-04-28,Animation,Laptop,41,3
50145,1235,2024-02-24,Documentary,Mobile,61,3
51583,1014,2024-06-20,Animation,Laptop,45,3
50409,1124,2024-05-27,Series,Mobile,77,4
50292,1508,2024-07-07,Animation,Smart TV,66,4
52515,1495,2024-01-25,Drama,Tablet,32,5
50898,1220,2024-04-26,Series,Mobile,73,5
54692,1130,2024-06-06,Drama,Laptop,10,5
50962,1215,2024-02-26,Drama,Smart TV,33,4
52348,1205,2024-05-01,Action,Tablet,64,5
50218,1174,2024-06-12,Romance,Smart TV,91,5
50019,1161,2024-06-18,Horror,Smart TV,16,5
54319,1052,2024-02-10,Drama,Mobile,71,5
52785,1586,2024-02-07,Action,Smart TV,75,5
50842,1483,2024-06-03,Action,Laptop,79,2
52724,1317,2024-04-08,Comedy,Mobile,60,3
51247,1241,2024-04-14,Comedy,Mobile,47,3
52764,1255,2024-01-29,Romance,Mobile,36,4
50219,1292,2024-06-27,Romance,Mobile,45,5
52139,1340,2024-01-31,Comedy,Mobile,58,5
51520,1360,2024-08-25,Comedy,Mobile,12,3
52459,1354,2024-06-30,Horror,Smart TV,56,4
50217,1210,2024-06-22,Romance,Mobile,73,2
51035,1088,2024-06-04,Action,Smart TV,80,5
53608,1499,2024-07-01,Animation,Tablet,22,4
53011,1032,2024-07-11,Animation,Laptop,61,4
53664,1236,2024-08-16,Action,Smart TV,16,4
54545,1373,2024-01-06,Series,Laptop,29,1
54509,1111,2024-01-16,Drama,Laptop,87,5
53104,1131,2024-05-11,Series,Smart TV,59,2
52644,1563,2024-01-23,Action,Laptop,19,4
50412,1560,2024-05-21,Romance,Laptop,49,4
52002,1405,2024-03-25,Documentary,Smart TV,52,4
53414,1215,2024-08-11,Romance,Tablet,21,5
53820,1156,2024-03-05,Animation,Laptop,50,4
52413,1131,2024-06-22,Series,Laptop,38,5
52177,1376,2024-07-14,Action,Smart TV,5,4
51613,1457,2024-01-24,Comedy,Smart TV,77,4
53143,1598,2024-08-24,Comedy,Mobile,74,5
53566,1336,2024-04-03,Horror,Mobile,59,5
50491,1487,2024-06-17,Horror,Laptop,38,4
51506,1371,2024-05-30,Documentary,Smart TV,81,5
50618,1318,2024-06-26,Horror,Mobile,63,5
50620,1273,2024-08-11,Romance,Mobile,44,4
51509,1144,2024-05-10,Comedy,Mobile,41,3
54954,1265,2024-04-19,Romance,Laptop,46,5
50954,1012,2024-03-14,Comedy,Tablet,29,4
50927,1302,2024-03-24,Drama,Smart TV,32,4
52276,1172,2024-01-08,Romance,Smart TV,36,5
53167,1427,2024-07-27,Horror,Smart TV,63,3
52469,1423,2024-04-26,Comedy,Tablet,50,5
53326,1084,2024-06-08,Drama,Smart TV,47,4
52100,1148,2024-03-13,Horror,Tablet,5,4
51012,1403,2024-01-07,Romance,Laptop,44,5
53652,1136,2024-03-14,Series,Smart TV,47,4
51962,1405,2024-08-08,Horror,Laptop,82,4
50341,1532,2024-06-04,Romance,Smart TV,46,4
51544,1298,2024-07-30,Comedy,Smart TV,55,5
52429,1155,2024-03-21,Action,Smart TV,71,3
52966,1072,2024-06-30,Documentary,Laptop,28,5
52338,1406,2024-04-26,Comedy,Smart TV,21,5
54888,1411,2024-06-11,Horror,Smart TV,35,4
53527,1403,2024-06-16,Series,Laptop,50,2
51472,1333,2024-04-30,Comedy,Tablet,66,4
51808,1221,2024-04-08,Romance,Tablet,23,2
54499,1545,2024-01-08,Animation,Laptop,10,5
50726,1180,2024-02-20,Comedy,Smart TV,24,5
52879,1035,2024-07-31,Series,Mobile,90,5
53687,1217,2024-07-04,Romance,Smart TV,55,4
51842,1428,2024-08-18,Animation,Mobile,36,4
53787,1018,2024-03-01,Comedy,Smart TV,33,5
54541,1124,2024-02-21,Drama,Laptop,80,3
50870,1592,2024-03-30,Action,Laptop,30,5
52860,1565,2024-04-09,Action,Laptop,109,4
54487,1229,2024-08-05,Series,Smart TV,87,5
51995,1098,2024-08-03,Documentary,Laptop,40,3
50106,1318,2024-04-08,Drama,Tablet,16,5
53828,1274,2024-01-15,Romance,Mobile,50,4
53450,1127,2024-02-17,Series,Smart TV,82,4
51758,1374,2024-04-26,Series,Smart TV,19,4
52112,1564,2024-03-20,Drama,Laptop,43,5
52771,1242,2024-06-20,Animation,Mobile,83,5
51690,1452,2024-04-22,Action,Smart TV,23,5
53819,1165,2024-03-04,Animation,Laptop,89,4
53906,1113,2024-02-20,Romance,Mobile,10,4
50783,1407,2024-04-27,Series,Mobile,80,3
54927,1586,2024-04-25,Comedy,Smart TV,49,4
53920,1448,2024-01-30,Series,Smart TV,80,5
54000,1109,2024-06-23,Action,Tablet,50,4
54781,1071,2024-03-07,Animation,Tablet,34,4
50642,1099,2024-02-22,Action,Laptop,40,2
53505,1160,2024-06-25,Action,Smart TV,75,5
51725,1548,2024-05-14,Series,Smart TV,62,5
51937,1283,2024-02-29,Comedy,Smart TV,6,2
51447,1179,2024-04-10,Romance,Smart TV,79,4
52016,1151,2024-05-06,Horror,Mobile,24,2
51137,1148,2024-07-19,Romance,Mobile,49,5
53433,1136,2024-01-25,Action,Laptop,35,1
51548,1590,2024-04-03,Animation,Smart TV,89,4
52065,1479,2024-04-22,Horror,Laptop,59,1
53631,1597,2024-08-21,Romance,Laptop,29,2
53752,1216,2024-01-02,Drama,Laptop,96,4
54280,1264,2024-05-19,Documentary,Mobile,51,5
52726,1432,2024-06-01,Romance,Tablet,134,3
51216,1587,2024-03-31,Horror,Mobile,19,4
51314,1099,2024-02-22,Animation,Smart TV,17,3
54205,1385,2024-04-09,Animation,Mobile,66,5
53760,1107,2024-08-27,Documentary,Smart TV,40,5
53009,1212,2024-03-31,Drama,Smart TV,45,2
50076,1037,2024-02-06,Series,Tablet,59,5
53000,1488,2024-04-09,Documentary,Smart TV,42,4
52122,1046,2024-01-14,Documentary,Smart TV,62,3
52237,1246,2024-07-10,Action,Smart TV,84,5
52558,1266,2024-03-09,Action,Laptop,38,5
52285,1089,2024-07-26,Documentary,Smart TV,96,5
51400,1438,2024-04-13,Animation,Tablet,56,5
51820,1367,2024-06-04,Action,Smart TV,41,5
52339,1151,2024-03-21,Horror,Laptop,55,4
50169,1596,2024-05-03,Horror,Mobile,79,5
50224,1569,2024-05-15,Documentary,Smart TV,73,5
52612,1050,2024-05-03,Romance,Tablet,82,4
54110,1189,2024-08-17,Action,Laptop,20,5
53588,1184,2024-07-30,Action,Mobile,20,3
50435,1458,2024-01-08,Romance,Mobile,55,5
54490,1412,2024-07-12,Series,Smart TV,65,5
53759,1232,2024-02-15,Series,Mobile,80,5
53021,1452,2024-02-17,Action,Mobile,5,5
54116,1556,2024-05-17,Series,Smart TV,29,1
50858,1500,2024-05-11,Animation,Smart TV,41,3
54379,1425,2024-06-03,Romance,Tablet,60,5
51385,1305,2024-04-01,Series,Laptop,42,4
50688,1357,2024-06-30,Animation,Smart TV,47,4
53373,1291,2024-08-23,Series,Laptop,86,5
52059,1117,2024-03-28,Documentary,Smart TV,43,5
51924,1032,2024-02-01,Action,Laptop,18,3
53963,1042,2024-07-19,Comedy,Smart TV,85,4
50601,1021,2024-08-21,Documentary,Smart TV,50,4
52564,1202,2024-05-21,Series,Laptop,42,4
53198,1578,2024-05-24,Drama,Smart TV,96,1
51259,1102,2024-05-13,Drama,Smart TV,76,4
53378,1028,2024-08-15,Romance,Mobile,34,4
54526,1294,2024-04-25,Romance,Laptop,73,4
54798,1314,2024-05-16,Series,Tablet,63,3
51299,1549,2024-07-06,Romance,Smart TV,58,5
51213,1250,2024-06-02,Romance,Laptop,48,5
52502,1470,2024-02-21,Horror,Smart TV,46,5
50353,1130,2024-04-11,Documentary,Laptop,36,2
54084,1122,2024-02-03,Romance,Laptop,96,4
51743,1143,2024-07-24,Documentary,Mobile,10,4
50675,1348,2024-01-25,Animation,Smart TV,43,5
53357,1156,2024-06-09,Action,Smart TV,67,3
51852,1011,2024-06-24,Animation,Laptop,100,3
54295,1173,2024-07-09,Romance,Mobile,75,3
54920,1136,2024-07-15,Comedy,Laptop,43,5
52620,1116,2024-07-03,Action,Laptop,71,4
53109,1557,2024-06-11,Animation,Laptop,72,5
51804,1526,2024-07-09,Romance,Laptop,36,4
52614,1119,2024-06-09,Action,Smart TV,51,4
51939,1596,2024-03-19,Drama,Smart TV,59,4
54983,1018,2024-03-15,Series,Smart TV,59,4
51337,1054,2024-05-25,Animation,Tablet,99,4
54001,1409,2024-05-01,Horror,Mobile,107,5
52828,1154,2024-03-24,Horror,Smart TV,47,4
50565,1251,2024-05-10,Drama,Smart TV,11,5
51846,1304,2024-05-15,Horror,Tablet,78,1
54203,1048,2024-03-10,Action,Laptop,68,4
52839,1112,2024-07-06,Comedy,Laptop,41,5
54900,1024,2024-06-20,Horror,Mobile,89,4
52778,1289,2024-06-04,Horror,Tablet,37,4
52482,1320,2024-01-16,Documentary,Mobile,14,4
52468,1596,2024-02-23,Horror,Mobile,98,4
53098,1399,2024-05-25,Horror,Laptop,41,3
53530,1565,2024-06-18,Romance,Smart TV,13,5
52465,1323,2024-05-30,Comedy,Laptop,49,4
50872,1403,2024-05-08,Drama,Mobile,37,5
54137,1357,2024-06-23,Horror,Smart TV,56,4
51434,1114,2024-03-15,Horror,Laptop,49,4
52321,1259,2024-02-21,Series,Laptop,60,4
54029,1105,2024-02-02,Series,Smart TV,34,3
52467,1508,2024-03-31,Horror,Smart TV,86,5
53007,1285,2024-02-07,Drama,Smart TV,55,5
52823,1273,2024-02-18,Drama,Smart TV,51,2
52643,1424,2024-01-17,Horror,Mobile,32,4
53132,1406,2024-01-27,Series,Laptop,64,4
53364,1151,2024-05-03,Series,Smart TV,34,4
52611,1109,2024-04-12,Comedy,Smart TV,98,4
50326,1588,2024-05-31,Action,Smart TV,61,5
54839,1148,2024-07-18,Action,Mobile,42,4
50604,1037,2024-03-10,Series,Smart TV,77,4
54279,1004,2024-02-19,Horror,Mobile,40,5
50632,1392,2024-07-01,Series,Mobile,50,4
50992,1364,2024-01-28,Documentary,Smart TV,62,4
53575,1120,2024-06-26,Action,Smart TV,37,4
51497,1480,2024-07-24,Series,Laptop,60,4
50045,1310,2024-04-30,Drama,Tablet,48,3
54986,1439,2024-06-26,Series,Laptop,18,4
53889,1426,2024-06-16,Action,Tablet,15,3
54763,1508,2024-02-09,Animation,Mobile,57,4
50331,1374,2024-03-30,Animation,Smart TV,36,5
51651,1482,2024-05-11,Action,Smart TV,49,4
53797,1441,2024-08-14,Horror,Tablet,54,3
52113,1412,2024-02-05,Series,Laptop,28,4
51156,1388,2024-06-13,Action,Mobile,26,4
54011,1546,2024-07-24,Drama,Mobile,39,3
50530,1357,2024-08-24,Horror,Smart TV,5,5
52149,1386,2024-03-08,Drama,Smart TV,40,4
51124,1270,2024-08-17,Series,Smart TV,71,4
52632,1374,2024-04-03,Comedy,Laptop,46,5
53330,1477,2024-08-02,Comedy,Mobile,23,3
52017,1404,2024-07-12,Horror,Mobile,51,4
53824,1458,2024-04-16,Horror,Smart TV,39,5
53980,1083,2024-02-16,Romance,Laptop,5,5
51536,1308,2024-02-03,Animation,Laptop,55,4
53532,1271,2024-05-27,Comedy,Smart TV,41,3
53966,1585,2024-04-01,Horror,Smart TV,111,5
54633,1042,2024-05-05,Drama,Laptop,33,5
51068,1211,2024-05-25,Animation,Tablet,86,4
50608,1047,2024-05-30,Animation,Laptop,68,5
50772,1419,2024-01-31,Comedy,Smart TV,74,4
54206,1395,2024-03-19,Romance,Smart TV,44,5
50683,1514,2024-03-31,Drama,Smart TV,43,4
50147,1370,2024-07-30,Documentary,Smart TV,53,4
52365,1556,2024-05-02,Series,Tablet,68,4
50009,1373,2024-07-26,Documentary,Mobile,53,4
54683,1580,2024-07-20,Animation,Smart TV,64,4
54857,1273,2024-05-20,Romance,Smart TV,60,1
50773,1454,2024-07-16,Action,Mobile,68,1
52854,1203,2024-02-06,Horror,Smart TV,27,5
51810,1209,2024-05-06,Animation,Laptop,66,4
54863,1003,2024-04-15,Drama,Mobile,5,4
52160,1581,2024-01-07,Romance,Smart TV,82,2
54208,1106,2024-05-18,Horror,Smart TV,72,3
52483,1024,2024-06-07,Documentary,Laptop,63,4
51532,1159,2024-01-14,Drama,Smart TV,34,3
50483,1353,2024-04-17,Horror,Mobile,26,3
52441,1321,2024-07-03,Drama,Smart TV,31,3
52029,1278,2024-03-10,Horror,Laptop,82,2
50631,1525,2024-01-11,Animation,Smart TV,39,5
53876,1238,2024-06-17,Drama,Smart TV,18,3
50824,1410,2024-07-31,Series,Laptop,60,4
54768,1086,2024-01-05,Romance,Tablet,5,4
51978,1391,2024-02-11,Drama,Laptop,80,4
53833,1318,2024-01-06,Horror,Mobile,49,5
53041,1360,2024-02-07,Romance,Laptop,50,3
52106,1294,2024-04-09,Comedy,Mobile,64,3
51286,1229,2024-05-29,Horror,Laptop,53,4
50546,1017,2024-06-30,Comedy,Laptop,53,5
54909,1160,2024-05-24,Comedy,Smart TV,90,5
51724,1169,2024-03-25,Romance,Mobile,48,3
53255,1412,2024-04-24,Drama,Mobile,18,5
52286,1090,2024-08-13,Documentary,Mobile,11,5
53905,1361,2024-02-10,Documentary,Smart TV,74,4
53898,1264,2024-06-07,Horror,Laptop,82,4
52233,1463,2024-08-05,Animation,Smart TV,54,4
53473,1226,2024-07-07,Action,Laptop,63,4
52599,1314,2024-04-30,Drama,Mobile,60,5
52306,1171,2024-05-09,Action,Smart TV,77,5
54706,1558,2024-05-14,Action,Tablet,86,4
52955,1536,2024-01-09,Drama,Mobile,38,3
52885,1518,2024-04-16,Comedy,Laptop,41,5
54231,1270,2024-05-18,Horror,Tablet,111,4
53333,1380,2024-08-20,Documentary,Laptop,66,4
52935,1216,2024-05-11,Action,Smart TV,5,3
53283,1358,2024-04-18,Documentary,Smart TV,63,5
54053,1367,2024-04-01,Drama,Laptop,81,5
50586,1050,2024-05-09,Horror,Mobile,83,5
50267,1475,2024-03-10,Horror,Mobile,7,5
52811,1266,2024-03-11,Action,Laptop,35,4
51853,1445,2024-06-09,Animation,Smart TV,28,4
50196,1293,2024-07-27,Drama,Smart TV,36,5
50126,1428,2024-04-12,Drama,Smart TV,13,3
51360,1110,2024-07-09,Drama,Smart TV,53,3
50177,1437,2024-06-03,Series,Laptop,32,5
54496,1224,2024-08-13,Romance,Laptop,27,2
54876,1198,2024-08-19,Action,Mobile,99,5
52145,1119,2024-03-30,Romance,Laptop,11,5
53051,1360,2024-07-07,Horror,Smart TV,15,4
51184,1553,2024-03-21,Romance,Smart TV,49,3
54159,1387,2024-04-17,Documentary,Smart TV,42,4
54311,1041,2024-06-01,Series,Mobile,27,5
52578,1200,2024-08-28,Horror,Laptop,44,5
52762,1100,2024-07-21,Series,Laptop,22,4
54607,1314,2024-08-25,Action,Smart TV,90,4
53285,1528,2024-04-15,Romance,Smart TV,83,4
50562,1442,2024-05-18,Animation,Smart TV,51,4
50030,1527,2024-08-08,Comedy,Smart TV,90,5
52796,1101,2024-07-15,Animation,Smart TV,83,3
50334,1007,2024-01-16,Action,Mobile,63,4
52647,1472,2024-03-05,Documentary,Smart TV,102,5
53539,1508,2024-01-11,Action,Tablet,46,3
54873,1290,2024-01-31,Drama,Tablet,30,5
50091,1325,2024-04-10,Documentary,Smart TV,72,5
50708,1099,2024-06-29,Series,Laptop,17,3
54673,1466,2024-02-24,Romance,Laptop,85,4
52320,1066,2024-05-24,Drama,Laptop,52,4
53377,1148,2024-01-27,Series,Smart TV,40,4
52603,1428,2024-08-12,Drama,Smart TV,75,3
51388,1514,2024-05-30,Documentary,Smart TV,37,5
53404,1273,2024-04-28,Horror,Mobile,63,2
51407,1417,2024-06-17,Horror,Mobile,41,4
53454,1583,2024-05-16,Comedy,Tablet,71,5
53334,1373,2024-01-06,Series,Mobile,14,3
51417,1527,2024-06-07,Animation,Mobile,63,5
53690,1188,2024-05-28,Documentary,Laptop,48,4
50185,1545,2024-02-29,Horror,Laptop,73,5
54223,1398,2024-05-17,Drama,Mobile,40,4
54970,1328,2024-08-12,Comedy,Laptop,49,4
54433,1089,2024-07-10,Romance,Laptop,48,5
51241,1458,2024-08-28,Action,Smart TV,81,4
52102,1141,2024-03-14,Animation,Mobile,81,3
52797,1086,2024-02-27,Romance,Laptop,25,4
53429,1544,2024-03-02,Documentary,Smart TV,30,5
53339,1179,2024-04-10,Horror,Tablet,59,4
53647,1301,2024-01-11,Romance,Laptop,68,4
51293,1536,2024-05-01,Romance,Smart TV,59,5
51896,1142,2024-06-09,Documentary,Smart TV,47,4
50575,1522,2024-01-23,Comedy,Mobile,55,5
51604,1137,2024-05-10,Romance,Mobile,33,1
54352,1329,2024-02-09,Series,Laptop,46,5
51350,1165,2024-03-24,Drama,Smart TV,42,5
53272,1194,2024-06-19,Animation,Laptop,88,3
51833,1221,2024-04-09,Romance,Mobile,5,3
53107,1142,2024-08-17,Series,Laptop,82,5
54830,1126,2024-05-04,Series,Laptop,103,3
54082,1324,2024-08-28,Documentary,Smart TV,37,4
54605,1179,2024-04-06,Series,Smart TV,59,3
52940,1262,2024-06-18,Action,Smart TV,89,5
53308,1131,2024-03-28,Romance,Laptop,13,4
52343,1252,2024-05-08,Horror,Smart TV,8,4
50871,1457,2024-05-21,Comedy,Laptop,105,2
52103,1439,2024-06-01,Animation,Laptop,86,3
53838,1353,2024-08-04,Animation,Laptop,5,3
50384,1496,2024-01-30,Comedy,Laptop,31,4
50068,1488,2024-08-02,Horror,Smart TV,82,1
52141,1336,2024-06-10,Romance,Laptop,10,4
52250,1489,2024-04-05,Romance,Mobile,50,4
50154,1213,2024-06-10,Documentary,Mobile,91,5
52427,1543,2024-06-04,Comedy,Tablet,63,5
51386,1504,2024-03-18,Action,Laptop,67,5
50087,1340,2024-01-28,Romance,Mobile,74,3
53669,1069,2024-01-06,Animation,Tablet,93,4
53958,1586,2024-07-18,Drama,Smart TV,23,3
53818,1410,2024-03-11,Animation,Mobile,40,3
54570,1198,2024-04-17,Comedy,Laptop,58,4
51723,1128,2024-03-11,Comedy,Smart TV,45,4
51230,1063,2024-03-29,Series,Smart TV,77,5
54780,1288,2024-08-17,Horror,Smart TV,53,4
54603,1012,2024-07-09,Animation,Smart TV,7,4
51784,1243,2024-05-14,Documentary,Mobile,50,5
50850,1343,2024-04-22,Action,Tablet,30,5
51889,1058,2024-08-04,Action,Mobile,19,2
54707,1228,2024-07-29,Action,Laptop,56,3
54124,1456,2024-03-21,Romance,Tablet,5,3
51074,1491,2024-03-14,Horror,Mobile,55,4
50768,1007,2024-08-27,Romance,Smart TV,79,5
52856,1471,2024-04-07,Animation,Mobile,86,5
50585,1413,2024-08-05,Romance,Smart TV,44,4
54869,1230,2024-08-12,Animation,Laptop,56,4
53839,1001,2024-07-26,Series,Laptop,42,3
50802,1552,2024-07-23,Comedy,Mobile,120,5
50480,1305,2024-06-07,Horror,Laptop,58,4
52498,1490,2024-05-22,Series,Smart TV,6,5
53231,1529,2024-06-10,Horror,Laptop,81,2
52490,1501,2024-05-14,Action,Laptop,56,4
51666,1546,2024-06-24,Action,Tablet,71,4
54871,1570,2024-03-07,Drama,Mobile,71,4
54483,1020,2024-08-15,Documentary,Smart TV,87,4
50744,1171,2024-08-18,Animation,Laptop,110,5
52229,1190,2024-02-07,Romance,Smart TV,69,3
50227,1319,2024-05-26,Animation,Tablet,75,4
53555,1570,2024-08-26,Horror,Tablet,56,4
51731,1382,2024-01-04,Action,Smart TV,14,2
50799,1055,2024-02-02,Animation,Laptop,21,4
52850,1109,2024-08-27,Animation,Smart TV,78,3
50440,1271,2024-03-16,Documentary,Mobile,5,1
54181,1430,2024-08-06,Drama,Laptop,5,5
53864,1524,2024-06-17,Series,Mobile,33,4
53498,1587,2024-06-14,Comedy,Laptop,55,4
52911,1402,2024-03-07,Romance,Laptop,48,5
51715,1462,2024-02-03,Action,Smart TV,42,4
53858,1127,2024-02-14,Documentary,Laptop,58,3
53551,1286,2024-08-01,Animation,Mobile,55,4
50896,1547,2024-01-06,Action,Smart TV,85,4
53809,1452,2024-06-06,Comedy,Mobile,5,4
53024,1362,2024-08-05,Series,Mobile,56,5
54516,1308,2024-04-02,Action,Tablet,79,5
54493,1009,2024-04-19,Horror,Smart TV,36,4
50680,1512,2024-02-08,Comedy,Laptop,53,4
50966,1459,2024-03-04,Action,Laptop,76,3
53082,1042,2024-08-13,Animation,Smart TV,71,3
52289,1148,2024-06-03,Documentary,Tablet,5,5
51557,1312,2024-04-24,Series,Smart TV,5,5
54239,1053,2024-05-20,Drama,Mobile,41,4
52116,1200,2024-01-17,Action,Mobile,72,4
50633,1068,2024-04-30,Series,Mobile,81,5
52741,1130,2024-02-16,Action,Laptop,43,4
50656,1020,2024-07-26,Horror,Smart TV,95,4
53137,1481,2024-01-06,Romance,Smart TV,48,4
52921,1562,2024-02-11,Action,Mobile,42,2
51957,1296,2024-07-09,Romance,Smart TV,79,5
51405,1064,2024-02-27,Documentary,Mobile,65,4
52270,1050,2024-01-06,Drama,Tablet,59,3
52582,1303,2024-08-11,Drama,Laptop,62,5
50973,1420,2024-01-24,Horror,Mobile,45,3
53033,1267,2024-07-29,Romance,Smart TV,73,4
53023,1103,2024-04-21,Animation,Smart TV,43,5
53835,1313,2024-02-18,Series,Tablet,126,3
54073,1542,2024-01-12,Horror,Laptop,65,5
53351,1374,2024-03-13,Action,Tablet,77,5
54672,1296,2024-04-03,Horror,Laptop,78,5
53634,1511,2024-07-19,Comedy,Laptop,34,4
50389,1549,2024-02-01,Romance,Mobile,90,4
52890,1155,2024-01-20,Horror,Mobile,49,5
50532,1105,2024-02-11,Action,Laptop,53,4
53159,1219,2024-03-21,Drama,Laptop,69,5
54347,1451,2024-06-27,Animation,Mobile,50,5
53660,1326,2024-01-16,Romance,Laptop,98,3
54289,1415,2024-05-01,Animation,Mobile,22,4
50231,1240,2024-05-29,Romance,Tablet,88,5
52999,1250,2024-08-06,Documentary,Mobile,62,4
51696,1470,2024-05-24,Action,Laptop,35,3
53113,1119,2024-06-09,Series,Smart TV,5,3
54136,1036,2024-01-09,Horror,Smart TV,5,4
53022,1171,2024-05-05,Horror,Smart TV,80,3
53688,1562,2024-01-23,Animation,Laptop,66,4
51426,1067,2024-04-07,Comedy,Smart TV,63,3
52206,1413,2024-02-27,Documentary,Mobile,74,5
53161,1430,2024-08-23,Drama,Laptop,51,4
51824,1154,2024-05-14,Horror,Laptop,74,4
54013,1356,2024-08-22,Horror,Smart TV,17,4
52836,1444,2024-05-30,Action,Smart TV,90,5
54834,1553,2024-07-06,Horror,Smart TV,66,4
50707,1254,2024-07-15,Comedy,Laptop,5,4
51425,1189,2024-08-04,Documentary,Smart TV,20,5
50983,1102,2024-02-24,Action,Smart TV,74,5
54191,1482,2024-06-07,Drama,Tablet,127,4
54628,1296,2024-02-22,Animation,Smart TV,89,4
50974,1316,2024-06-22,Action,Smart TV,28,4
51949,1406,2024-06-17,Action,Smart TV,76,4
52450,1315,2024-03-21,Drama,Smart TV,52,5
53501,1112,2024-07-23,Drama,Mobile,84,5
51828,1403,2024-07-01,Documentary,Smart TV,7,2
50917,1587,2024-02-13,Horror,Mobile,5,4
51034,1246,2024-07-01,Action,Laptop,23,4
53943,1587,2024-01-20,Comedy,Mobile,5,5
50977,1479,2024-02-11,Series,Mobile,97,5
54536,1518,2024-06-01,Series,Laptop,83,4
54891,1563,2024-06-13,Romance,Smart TV,53,3
53816,1014,2024-08-05,Action,Smart TV,12,4
54456,1255,2024-03-21,Series,Smart TV,44,5
50894,1575,2024-05-12,Animation,Tablet,61,1
52584,1118,2024-01-17,Documentary,Smart TV,73,5
50797,1397,2024-03-22,Horror,Mobile,34,5
53552,1334,2024-07-19,Horror,Laptop,27,2
53801,1556,2024-03-07,Comedy,Smart TV,12,4
52721,1442,2024-07-02,Horror,Laptop,111,1
54463,1245,2024-05-13,Horror,Smart TV,23,5
50998,1340,2024-06-08,Romance,Smart TV,73,4
52019,1195,2024-01-24,Documentary,Laptop,61,5
51912,1125,2024-07-24,Action,Mobile,56,2
51271,1194,2024-02-26,Animation,Laptop,89,4
52910,1460,2024-07-13,Romance,Laptop,29,4
50627,1540,2024-04-30,Drama,Mobile,46,4
54761,1263,2024-05-24,Horror,Smart TV,73,5
54006,1250,2024-08-24,Series,Smart TV,89,5
52098,1149,2024-03-14,Romance,Smart TV,93,3
54924,1519,2024-06-24,Horror,Smart TV,80,5
50823,1288,2024-08-13,Series,Mobile,73,4
51956,1190,2024-01-05,Drama,Mobile,19,5
50364,1034,2024-07-03,Drama,Mobile,5,4
52775,1079,2024-03-25,Comedy,Smart TV,92,3
53627,1142,2024-03-09,Horror,Laptop,47,4
53512,1344,2024-04-05,Romance,Smart TV,52,5
52302,1272,2024-06-17,Horror,Mobile,57,5
50475,1259,2024-06-15,Series,Tablet,31,4
50481,1321,2024-08-03,Action,Laptop,82,4
53222,1505,2024-03-07,Horror,Smart TV,26,4
52170,1175,2024-01-08,Action,Mobile,60,4
50095,1022,2024-03-28,Romance,Laptop,100,4
51744,1090,2024-06-15,Drama,Laptop,55,3
52585,1166,2024-08-03,Action,Mobile,93,4
52944,1021,2024-03-18,Comedy,Mobile,52,4
52947,1086,2024-08-09,Action,Laptop,63,5
50845,1092,2024-01-06,Romance,Laptop,33,3
50504,1120,2024-07-06,Comedy,Laptop,32,1
52749,1288,2024-07-10,Comedy,Laptop,94,5
54825,1293,2024-04-24,Drama,Smart TV,71,5
52880,1039,2024-07-09,Action,Mobile,63,5
50653,1008,2024-03-18,Documentary,Tablet,42,3
52998,1599,2024-05-03,Comedy,Mobile,9,4
52281,1051,2024-01-23,Series,Mobile,53,4
54343,1210,2024-03-15,Romance,Laptop,108,4
50315,1025,2024-04-26,Romance,Laptop,78,5
53619,1193,2024-08-03,Action,Mobile,58,4
51935,1176,2024-04-11,Comedy,Mobile,77,4
53762,1156,2024-02-09,Documentary,Mobile,78,2
52939,1003,2024-08-11,Action,Smart TV,55,1
54669,1581,2024-07-24,Series,Mobile,57,5
51061,1213,2024-04-11,Drama,Mobile,36,5
54306,1527,2024-01-19,Romance,Smart TV,73,3
53951,1176,2024-04-19,Comedy,Mobile,94,4
50465,1353,2024-03-13,Documentary,Laptop,66,5
54659,1078,2024-08-09,Action,Laptop,66,1
53707,1438,2024-01-01,Horror,Mobile,9,4
52394,1545,2024-01-12,Animation,Laptop,5,4
52934,1085,2024-08-02,Series,Laptop,32,3
53570,1048,2024-02-18,Documentary,Mobile,5,4
52410,1266,2024-07-16,Animation,Laptop,69,4
53702,1557,2024-02-06,Action,Smart TV,92,2
52095,1572,2024-03-01,Animation,Mobile,30,4
51899,1385,2024-01-28,Drama,Laptop,92,4
54980,1022,2024-03-03,Series,Smart TV,74,5
50949,1271,2024-05-17,Action,Mobile,28,5
50540,1550,2024-01-18,Drama,Smart TV,64,4
53561,1491,2024-01-10,Animation,Smart TV,46,4
53443,1352,2024-07-07,Action,Mobile,5,5
50211,1048,2024-07-22,Action,Smart TV,18,5
52652,1379,2024-05-11,Series,Mobile,32,4
53675,1301,2024-05-30,Documentary,Mobile,64,5
50698,1139,2024-04-03,Comedy,Smart TV,75,4
53387,1362,2024-03-13,Action,Smart TV,58,3
51835,1018,2024-02-05,Animation,Mobile,94,5
53843,1325,2024-06-10,Comedy,Tablet,5,4
51916,1221,2024-08-02,Animation,Tablet,32,4
54713,1008,2024-04-13,Romance,Smart TV,17,3
50692,1038,2024-01-01,Animation,Laptop,114,5
50053,1326,2024-01-30,Action,Mobile,8,5
53736,1277,2024-06-17,Animation,Smart TV,94,4
51624,1351,2024-05-06,Comedy,Smart TV,6,4
53508,1087,2024-02-11,Horror,Smart TV,50,2
53085,1089,2024-03-26,Documentary,Smart TV,75,5
52708,1294,2024-08-06,Animation,Smart TV,15,4
51553,1046,2024-02-04,Horror,Mobile,5,2
50194,1593,2024-04-16,Horror,Tablet,39,5
51490,1589,2024-06-04,Animation,Smart TV,24,5
54861,1072,2024-02-06,Romance,Laptop,27,4
52666,1479,2024-08-25,Documentary,Laptop,76,4
51671,1307,2024-06-01,Series,Mobile,74,5
50841,1009,2024-03-10,Romance,Laptop,28,2
52745,1124,2024-07-30,Animation,Laptop,47,3
50964,1474,2024-01-17,Drama,Laptop,89,4
54842,1572,2024-08-02,Action,Laptop,95,5
51687,1336,2024-02-05,Horror,Laptop,5,5
50260,1439,2024-05-28,Drama,Laptop,25,3
51363,1009,2024-03-28,Action,Mobile,23,3
54368,1143,2024-08-02,Comedy,Laptop,49,4
53270,1349,2024-03-10,Documentary,Smart TV,43,5
52800,1539,2024-04-20,Action,Mobile,38,3
50583,1020,2024-01-04,Horror,Laptop,49,1
51209,1592,2024-04-02,Documentary,Laptop,40,3
54886,1276,2024-03-26,Series,Smart TV,42,5
54666,1576,2024-08-21,Action,Laptop,5,3
54070,1334,2024-01-10,Romance,Laptop,5,5
53701,1009,2024-08-05,Comedy,Smart TV,14,4
51007,1014,2024-03-15,Series,Mobile,56,3
51498,1163,2024-07-29,Series,Laptop,5,4
51460,1205,2024-03-25,Comedy,Smart TV,53,3
51572,1565,2024-07-15,Horror,Laptop,87,4
53777,1400,2024-01-12,Romance,Smart TV,48,5
51655,1038,2024-07-28,Animation,Smart TV,59,3
53083,1589,2024-05-02,Animation,Smart TV,39,5
54504,1319,2024-02-23,Documentary,Laptop,58,5
50284,1421,2024-06-22,Documentary,Laptop,5,3
51177,1440,2024-01-04,Comedy,Mobile,82,4
54024,1464,2024-04-15,Horror,Laptop,69,5
50827,1207,2024-07-24,Horror,Mobile,29,4
50624,1444,2024-01-06,Series,Laptop,60,1
51005,1042,2024-02-06,Animation,Smart TV,41,3
53921,1214,2024-02-10,Romance,Laptop,83,4
51895,1181,2024-02-09,Series,Mobile,52,5
50733,1187,2024-01-07,Romance,Laptop,57,5
53438,1067,2024-01-08,Animation,Smart TV,103,3
50232,1553,2024-03-18,Animation,Smart TV,55,5
50022,1312,2024-04-11,Comedy,Smart TV,5,4
53441,1258,2024-03-24,Action,Laptop,46,5
54881,1383,2024-08-24,Series,Smart TV,73,5
52446,1451,2024-05-31,Comedy,Mobile,62,3
53294,1453,2024-02-05,Romance,Smart TV,36,4
53636,1020,2024-07-10,Comedy,Smart TV,107,2
51330,1306,2024-06-06,Documentary,Mobile,12,3
52610,1523,2024-07-30,Documentary,Laptop,50,3
53544,1101,2024-04-13,Horror,Laptop,78,4
53349,1465,2024-07-29,Documentary,Laptop,9,4
52575,1257,2024-06-19,Documentary,Smart TV,69,4
51084,1167,2024-02-27,Horror,Smart TV,25,5
50427,1338,2024-08-12,Animation,Mobile,103,4
54112,1026,2024-01-16,Drama,Mobile,29,5
54015,1175,2024-02-11,Romance,Laptop,46,3
53164,1428,2024-01-30,Action,Mobile,32,3
51003,1252,2024-01-12,Romance,Smart TV,51,4
54039,1175,2024-05-21,Action,Mobile,44,5
54567,1172,2024-08-13,Documentary,Mobile,55,4
53919,1278,2024-08-17,Horror,Laptop,71,4
54165,1114,2024-07-17,Comedy,Mobile,31,5
52300,1368,2024-02-29,Action,Smart TV,79,5
52895,1186,2024-03-29,Documentary,Laptop,69,4
54544,1168,2024-08-16,Comedy,Laptop,60,5
52570,1146,2024-04-20,Series,Mobile,16,4
50791,1438,2024-03-17,Romance,Mobile,53,4
50581,1387,2024-04-03,Horror,Smart TV,28,5
52440,1537,2024-06-05,Action,Laptop,110,4
52174,1548,2024-05-06,Horror,Smart TV,62,4
51482,1092,2024-02-18,Horror,Smart TV,43,4
53475,1020,2024-03-12,Documentary,Smart TV,123,4
50047,1219,2024-03-16,Action,Laptop,26,5
53517,1291,2024-07-21,Drama,Mobile,49,5
54601,1497,2024-02-24,Comedy,Smart TV,73,4
53842,1235,2024-04-09,Drama,Mobile,53,4
52371,1352,2024-05-22,Drama,Laptop,5,5
53087,1520,2024-07-02,Horror,Smart TV,14,4
53893,1583,2024-06-25,Comedy,Laptop,94,4
51205,1472,2024-06-18,Series,Smart TV,83,3
53831,1580,2024-07-01,Documentary,Mobile,30,5
54323,1285,2024-05-03,Series,Smart TV,41,4
50721,1130,2024-02-03,Comedy,Laptop,42,3
52124,1482,2024-05-02,Horror,Laptop,77,5
54065,1118,2024-08-25,Documentary,Laptop,77,4
51860,1081,2024-03-17,Comedy,Smart TV,76,5
52715,1475,2024-04-24,Series,Smart TV,28,4
50566,1178,2024-01-26,Documentary,Tablet,60,4
51894,1501,2024-02-23,Animation,Smart TV,37,3
54714,1117,2024-03-12,Drama,Smart TV,51,5
53798,1105,2024-01-28,Series,Mobile,28,4
54408,1131,2024-06-15,Drama,Laptop,46,3
50735,1242,2024-06-30,Drama,Smart TV,48,5
53511,1343,2024-05-21,Animation,Smart TV,45,4
52508,1030,2024-08-17,Action,Laptop,62,4
52516,1050,2024-01-01,Comedy,Mobile,69,4
52625,1293,2024-08-26,Documentary,Laptop,38,4
54656,1252,2024-03-18,Drama,Mobile,92,4
51354,1270,2024-05-31,Documentary,Laptop,66,4
50134,1293,2024-02-20,Drama,Smart TV,41,4
54354,1435,2024-01-22,Romance,Smart TV,68,4
53038,1296,2024-01-25,Romance,Mobile,68,4
51675,1240,2024-04-29,Romance,Mobile,59,2
54694,1273,2024-07-21,Animation,Mobile,56,4
52597,1431,2024-07-09,Action,Mobile,99,2
52472,1217,2024-07-19,Horror,Tablet,72,4
50893,1364,2024-05-04,Action,Laptop,48,4
50200,1590,2024-03-26,Animation,Smart TV,51,4
50234,1088,2024-07-30,Romance,Laptop,30,4
53957,1013,2024-06-05,Action,Laptop,17,5
50628,1284,2024-05-08,Romance,Mobile,29,4
50622,1386,2024-08-03,Series,Smart TV,35,5
53020,1509,2024-05-12,Drama,Mobile,78,4
50071,1072,2024-05-23,Comedy,Laptop,87,5
52251,1278,2024-04-28,Comedy,Smart TV,38,5
50264,1525,2024-04-09,Drama,Smart TV,28,4
53371,1475,2024-07-28,Animation,Smart TV,47,4
51423,1534,2024-01-29,Romance,Smart TV,41,3
50040,1578,2024-01-03,Comedy,Mobile,59,5
54770,1075,2024-07-06,Drama,Mobile,22,5
54534,1253,2024-04-13,Action,Laptop,88,4
51793,1052,2024-06-28,Romance,Mobile,62,4
50866,1044,2024-06-27,Action,Laptop,60,5
53388,1391,2024-07-24,Romance,Smart TV,52,5
50681,1270,2024-04-14,Romance,Tablet,135,5
54188,1153,2024-02-03,Series,Mobile,78,5
54923,1101,2024-02-06,Drama,Laptop,49,4
54359,1466,2024-01-21,Drama,Laptop,51,1
51854,1197,2024-07-09,Documentary,Tablet,90,5
52830,1389,2024-05-27,Horror,Laptop,24,2
52057,1495,2024-08-16,Action,Smart TV,42,4
54014,1259,2024-04-18,Drama,Mobile,23,4
52664,1074,2024-06-21,Action,Smart TV,20,5
53792,1465,2024-07-20,Romance,Mobile,47,4
52977,1460,2024-06-27,Action,Laptop,57,5
51500,1356,2024-08-02,Action,Mobile,61,4
51584,1463,2024-07-31,Romance,Tablet,83,4
51590,1095,2024-02-01,Drama,Smart TV,52,4
54502,1520,2024-05-02,Documentary,Smart TV,25,4
53250,1073,2024-07-28,Action,Laptop,47,5
52886,1067,2024-08-09,Comedy,Laptop,66,3
51496,1144,2024-02-20,Romance,Mobile,37,4
50414,1023,2024-06-23,Series,Laptop,20,4
50990,1176,2024-04-22,Animation,Smart TV,64,4
54111,1519,2024-01-30,Drama,Tablet,58,3
53395,1355,2024-04-17,Horror,Laptop,35,4
54940,1054,2024-08-15,Action,Mobile,57,5
52052,1535,2024-03-08,Romance,Smart TV,36,5
51352,1464,2024-04-26,Horror,Smart TV,9,4
51006,1345,2024-04-15,Action,Laptop,75,1
52832,1147,2024-07-03,Animation,Laptop,30,3
51235,1173,2024-08-02,Horror,Smart TV,40,5
53936,1083,2024-04-24,Series,Smart TV,24,5
54117,1399,2024-04-13,Action,Mobile,5,4
52493,1073,2024-06-04,Romance,Mobile,14,5
54762,1142,2024-05-02,Documentary,Tablet,62,4
52453,1269,2024-01-29,Series,Smart TV,47,3
52682,1313,2024-03-10,Animation,Tablet,45,4
52948,1186,2024-06-23,Action,Smart TV,35,5
50031,1522,2024-05-13,Horror,Tablet,55,5
51989,1181,2024-02-06,Animation,Mobile,83,5
51886,1486,2024-07-14,Action,Laptop,116,5
50953,1506,2024-02-19,Drama,Laptop,74,5
50929,1112,2024-08-04,Comedy,Smart TV,69,4
53776,1231,2024-08-07,Documentary,Smart TV,61,4
52683,1163,2024-03-20,Romance,Mobile,7,5
50921,1535,2024-06-10,Horror,Tablet,72,4
53444,1154,2024-07-19,Romance,Smart TV,65,4
50535,1145,2024-01-29,Documentary,Laptop,52,4
54919,1416,2024-01-12,Romance,Laptop,56,5
53201,1394,2024-04-22,Action,Mobile,87,5
53415,1575,2024-01-22,Horror,Smart TV,65,5
50873,1272,2024-03-09,Series,Mobile,34,5
50111,1294,2024-03-01,Romance,Laptop,30,4
52983,1519,2024-07-28,Documentary,Mobile,84,5
54114,1525,2024-02-22,Animation,Mobile,56,2
50997,1465,2024-05-02,Animation,Laptop,24,4
50956,1391,2024-01-12,Action,Laptop,60,4
50190,1167,2024-05-07,Romance,Mobile,28,1
53076,1512,2024-04-18,Horror,Smart TV,92,5
52381,1189,2024-07-25,Animation,Tablet,50,4
51389,1374,2024-04-14,Comedy,Laptop,39,5
51665,1319,2024-05-06,Comedy,Laptop,96,5
50252,1385,2024-04-21,Documentary,Mobile,10,3
50529,1372,2024-06-20,Romance,Mobile,108,5
53018,1439,2024-02-05,Drama,Mobile,37,2
51801,1204,2024-03-14,Comedy,Smart TV,72,4
53743,1165,2024-02-05,Documentary,Laptop,52,5
53941,1545,2024-07-06,Series,Smart TV,32,3
51244,1009,2024-03-29,Comedy,Smart TV,50,5
51207,1237,2024-07-13,Romance,Laptop,65,4
54043,1552,2024-04-10,Series,Laptop,71,5
52288,1446,2024-07-09,Documentary,Mobile,34,4
54184,1222,2024-02-14,Horror,Mobile,74,5
51022,1477,2024-08-02,Comedy,Smart TV,57,4
51358,1119,2024-05-11,Series,Smart TV,45,5
51445,1599,2024-05-17,Animation,Laptop,30,4
50614,1261,2024-08-10,Drama,Mobile,8,5
54941,1040,2024-05-24,Drama,Mobile,41,3
50611,1462,2024-08-22,Animation,Smart TV,44,5
51246,1481,2024-05-28,Series,Smart TV,56,3
52722,1536,2024-07-11,Romance,Tablet,87,4
52577,1127,2024-04-28,Horror,Tablet,61,5
53700,1308,2024-03-21,Documentary,Smart TV,100,4
51026,1554,2024-08-27,Comedy,Smart TV,56,4
50659,1334,2024-01-23,Horror,Smart TV,66,4
54193,1041,2024-01-22,Documentary,Smart TV,64,4
51157,1563,2024-04-14,Romance,Laptop,94,4
53822,1265,2024-01-17,Animation,Laptop,5,4
51781,1593,2024-01-01,Animation,Laptop,29,3
50438,1443,2024-05-02,Horror,Laptop,49,4
50492,1475,2024-06-02,Series,Laptop,54,5
52091,1314,2024-02-10,Horror,Laptop,63,5
51578,1351,2024-02-14,Animation,Laptop,29,4
50394,1503,2024-06-15,Drama,Mobile,66,5
50787,1310,2024-05-25,Romance,Smart TV,38,4
52462,1219,2024-05-01,Comedy,Smart TV,65,5
51048,1441,2024-02-07,Documentary,Smart TV,34,3
51150,1207,2024-02-11,Action,Laptop,33,4
53484,1209,2024-02-08,Comedy,Tablet,96,4
51662,1428,2024-06-21,Romance,Mobile,29,5
52648,1150,2024-08-24,Drama,Mobile,10,5
51999,1572,2024-07-12,Animation,Smart TV,77,4
51446,1026,2024-07-13,Series,Smart TV,99,4
50677,1182,2024-01-29,Animation,Smart TV,58,1
50143,1599,2024-06-10,Action,Smart TV,97,5
51599,1035,2024-02-09,Series,Mobile,88,4
52178,1195,2024-05-06,Horror,Smart TV,8,4
52587,1298,2024-02-06,Drama,Laptop,40,5
51261,1423,2024-01-06,Comedy,Mobile,92,4
51772,1350,2024-06-29,Animation,Laptop,81,4
50537,1276,2024-03-27,Comedy,Smart TV,36,3
51422,1291,2024-02-21,Action,Laptop,62,5
54967,1024,2024-05-26,Romance,Smart TV,85,5
51762,1104,2024-01-09,Series,Tablet,109,3
50709,1529,2024-06-18,Action,Smart TV,35,5
52081,1155,2024-01-24,Action,Laptop,68,4
53014,1399,2024-08-16,Series,Mobile,70,3
50844,1318,2024-02-21,Drama,Mobile,61,4
51595,1048,2024-03-14,Documentary,Smart TV,5,3
51253,1117,2024-04-26,Action,Laptop,21,5
52637,1581,2024-06-04,Action,Mobile,29,4
52615,1272,2024-08-04,Documentary,Mobile,54,4
52563,1273,2024-04-11,Comedy,Smart TV,36,5
52399,1320,2024-07-19,Documentary,Mobile,64,5
53166,1198,2024-02-25,Comedy,Laptop,58,1
53713,1517,2024-01-07,Horror,Laptop,71,4
52923,1460,2024-07-05,Animation,Mobile,63,4
51621,1259,2024-01-01,Horror,Mobile,39,4
52258,1174,2024-08-25,Romance,Laptop,64,4
54336,1535,2024-07-06,Horror,Smart TV,60,5
54166,1479,2024-06-09,Romance,Laptop,65,1
52223,1182,2024-07-12,Romance,Mobile,68,5
51898,1106,2024-01-12,Series,Tablet,54,5
52415,1511,2024-06-23,Horror,Smart TV,85,5
52090,1123,2024-01-22,Action,Laptop,43,3
54500,1182,2024-06-17,Animation,Smart TV,122,5
53265,1256,2024-05-13,Romance,Smart TV,86,4
52602,1582,2024-08-20,Comedy,Mobile,52,5
51786,1105,2024-07-25,Drama,Tablet,5,4
53598,1068,2024-08-15,Drama,Smart TV,52,4
50168,1467,2024-07-28,Comedy,Laptop,71,2
53644,1361,2024-06-17,Series,Laptop,82,3
53841,1390,2024-02-29,Documentary,Tablet,33,4
54102,1362,2024-04-23,Drama,Smart TV,32,5
54027,1417,2024-03-10,Comedy,Smart TV,58,4
52442,1144,2024-07-18,Romance,Mobile,33,4
50593,1549,2024-08-24,Drama,Laptop,99,4
54439,1428,2024-04-25,Action,Laptop,5,5
53999,1423,2024-04-30,Horror,Tablet,17,4
51753,1456,2024-02-01,Action,Smart TV,43,3
51847,1081,2024-01-11,Romance,Smart TV,67,4
54508,1358,2024-02-24,Horror,Tablet,46,3
54977,1094,2024-02-20,Documentary,Laptop,40,5
51645,1277,2024-02-16,Action,Tablet,62,5
52488,1085,2024-08-19,Animation,Mobile,45,5
50777,1419,2024-05-29,Romance,Laptop,19,5
53157,1068,2024-02-15,Animation,Smart TV,92,5
52806,1597,2024-04-10,Animation,Smart TV,68,4
51269,1587,2024-02-21,Animation,Laptop,51,4
50811,1238,2024-06-19,Action,Laptop,45,4
51198,1597,2024-05-25,Romance,Mobile,83,5
50936,1376,2024-06-04,Action,Laptop,48,3
50329,1210,2024-04-19,Series,Laptop,73,5
53112,1596,2024-05-27,Horror,Mobile,63,1
54747,1529,2024-04-27,Horror,Laptop,55,4
53359,1420,2024-03-26,Animation,Tablet,129,4
54803,1518,2024-06-04,Series,Smart TV,5,5
52539,1118,2024-01-23,Action,Mobile,92,3
50139,1391,2024-06-11,Comedy,Smart TV,73,5
51065,1177,2024-04-21,Series,Smart TV,5,3
51307,1266,2024-03-31,Animation,Smart TV,44,4
52058,1174,2024-03-19,Horror,Laptop,65,5
50761,1483,2024-07-27,Horror,Laptop,82,3
51066,1035,2024-07-19,Documentary,Smart TV,54,5
51374,1179,2024-01-28,Documentary,Smart TV,5,4
52295,1044,2024-01-20,Documentary,Smart TV,68,5
53606,1070,2024-04-28,Series,Mobile,74,5
53284,1249,2024-01-28,Romance,Mobile,23,3
53086,1578,2024-08-08,Comedy,Smart TV,83,5
52305,1261,2024-06-18,Comedy,Tablet,33,4
50815,1210,2024-05-19,Comedy,Smart TV,83,4
51993,1441,2024-08-28,Horror,Laptop,26,4
50116,1397,2024-08-15,Series,Smart TV,28,4
50220,1563,2024-04-06,Horror,Smart TV,67,4
51218,1425,2024-07-01,Drama,Smart TV,72,3
51936,1503,2024-01-15,Action,Mobile,49,2
53287,1465,2024-01-08,Animation,Laptop,85,4
54249,1515,2024-06-07,Documentary,Laptop,28,3
50505,1443,2024-07-28,Romance,Mobile,88,5
54905,1524,2024-05-03,Horror,Smart TV,63,5
54894,1431,2024-02-22,Comedy,Smart TV,14,4
51868,1401,2024-08-10,Animation,Smart TV,31,4
53682,1298,2024-02-09,Comedy,Smart TV,24,3
54346,1303,2024-01-12,Horror,Mobile,94,4
53503,1326,2024-03-23,Action,Laptop,69,4
54826,1355,2024-06-05,Action,Tablet,81,5
52696,1142,2024-03-04,Drama,Laptop,60,5
53168,1316,2024-02-11,Comedy,Mobile,34,5
53412,1360,2024-07-23,Drama,Mobile,45,4
53615,1468,2024-02-17,Drama,Smart TV,50,4
51194,1476,2024-06-11,Animation,Laptop,59,3
53850,1092,2024-06-18,Series,Tablet,83,4
51711,1326,2024-07-18,Series,Laptop,95,4
50646,1269,2024-02-08,Action,Smart TV,46,5
50167,1267,2024-07-03,Horror,Tablet,5,5
53540,1375,2024-08-22,Animation,Laptop,34,1
52083,1056,2024-03-08,Series,Mobile,80,5
52086,1067,2024-08-08,Horror,Mobile,66,5
52477,1568,2024-02-15,Romance,Mobile,89,4
53291,1358,2024-05-03,Drama,Laptop,52,5
50342,1579,2024-04-03,Horror,Laptop,43,4
50567,1020,2024-06-24,Series,Smart TV,100,4
51790,1593,2024-04-16,Horror,Smart TV,37,4
54227,1233,2024-02-01,Horror,Mobile,20,5
51931,1298,2024-07-24,Documentary,Smart TV,35,4
51406,1532,2024-06-29,Horror,Mobile,5,4
51284,1133,2024-01-02,Drama,Smart TV,9,5
52688,1241,2024-03-15,Comedy,Laptop,64,4
50496,1408,2024-07-16,Series,Laptop,69,5
50879,1419,2024-02-19,Documentary,Laptop,36,4
50446,1240,2024-07-18,Series,Mobile,91,3
52621,1480,2024-02-12,Documentary,Mobile,68,4
51575,1388,2024-03-12,Series,Laptop,12,4
53274,1106,2024-01-27,Series,Smart TV,101,3
51983,1455,2024-05-01,Action,Tablet,14,5
53632,1156,2024-07-22,Documentary,Tablet,68,4
53368,1017,2024-03-14,Series,Mobile,51,4
51929,1040,2024-06-16,Animation,Mobile,49,3
51132,1111,2024-02-12,Drama,Smart TV,53,4
51258,1428,2024-05-06,Series,Laptop,113,4
52897,1501,2024-03-25,Comedy,Mobile,50,5
52107,1155,2024-05-13,Action,Laptop,6,4
51639,1408,2024-08-28,Documentary,Mobile,100,3
51856,1149,2024-02-22,Series,Smart TV,47,5
51508,1225,2024-08-23,Comedy,Mobile,66,2
53016,1595,2024-06-16,Series,Mobile,72,5
52476,1252,2024-08-12,Animation,Mobile,33,5
51648,1355,2024-05-20,Romance,Laptop,72,4
53307,1017,2024-02-20,Horror,Mobile,70,2
54270,1342,2024-06-20,Animation,Laptop,42,3
53653,1500,2024-02-17,Animation,Tablet,43,5
53072,1156,2024-05-21,Documentary,Laptop,48,4
52909,1293,2024-04-19,Romance,Tablet,68,5
54123,1104,2024-05-23,Comedy,Tablet,5,4
53577,1378,2024-06-17,Drama,Mobile,56,4
51009,1273,2024-05-07,Horror,Tablet,5,3
53034,1527,2024-08-04,Comedy,Mobile,60,5
54262,1056,2024-08-18,Horror,Laptop,46,5
50612,1034,2024-06-02,Documentary,Laptop,43,3
50060,1003,2024-07-22,Horror,Laptop,10,5
53968,1086,2024-04-02,Drama,Mobile,77,4
54443,1470,2024-02-21,Comedy,Smart TV,19,4
54700,1168,2024-04-25,Documentary,Laptop,75,5
51190,1221,2024-06-05,Documentary,Mobile,13,4
50114,1505,2024-07-10,Action,Smart TV,35,5
50922,1430,2024-03-16,Comedy,Smart TV,51,5
50835,1368,2024-03-05,Horror,Laptop,74,4
52774,1146,2024-01-03,Comedy,Laptop,47,4
54584,1479,2024-06-17,Romance,Tablet,82,4
50806,1565,2024-06-25,Horror,Laptop,60,3
50433,1530,2024-05-27,Horror,Smart TV,67,4
51030,1193,2024-07-08,Action,Tablet,107,5
52929,1341,2024-06-27,Animation,Tablet,80,3
51415,1265,2024-02-27,Comedy,Smart TV,46,4
54002,1040,2024-02-21,Series,Laptop,43,4
51478,1438,2024-02-06,Horror,Smart TV,5,4
51346,1079,2024-07-13,Action,Smart TV,77,5
53437,1592,2024-04-15,Documentary,Tablet,21,4
54710,1056,2024-02-08,Animation,Laptop,92,4
51107,1045,2024-06-07,Romance,Laptop,73,4
53190,1385,2024-03-17,Horror,Tablet,108,5
52028,1334,2024-07-28,Drama,Smart TV,33,5
54595,1220,2024-02-03,Animation,Smart TV,58,1
54094,1150,2024-04-13,Horror,Smart TV,38,5
52392,1353,2024-06-26,Horror,Laptop,43,3
52694,1595,2024-06-29,Animation,Mobile,23,5
54698,1067,2024-01-29,Documentary,Smart TV,33,4
54400,1384,2024-04-30,Comedy,Laptop,59,3
51541,1117,2024-03-31,Romance,Mobile,17,1
50597,1395,2024-06-24,Comedy,Mobile,48,4
50895,1357,2024-03-26,Horror,Mobile,81,4
54201,1267,2024-04-08,Series,Smart TV,42,3
53705,1228,2024-03-30,Animation,Laptop,35,4
52132,1498,2024-06-17,Drama,Smart TV,91,4
53402,1417,2024-06-23,Documentary,Laptop,50,3
50067,1103,2024-04-23,Drama,Mobile,64,4
50258,1182,2024-04-08,Action,Laptop,26,5
51965,1015,2024-01-24,Series,Smart TV,73,5
51381,1154,2024-02-19,Drama,Smart TV,75,4
53922,1450,2024-05-09,Horror,Smart TV,88,3
52033,1150,2024-07-12,Drama,Laptop,27,5
52776,1044,2024-01-26,Romance,Smart TV,57,3
53276,1283,2024-03-21,Action,Tablet,78,4
54943,1062,2024-01-11,Horror,Smart TV,17,3
54506,1538,2024-05-30,Documentary,Smart TV,66,3
54505,1430,2024-04-10,Drama,Laptop,16,5
50295,1324,2024-01-14,Series,Laptop,35,5
50484,1006,2024-02-12,Series,Smart TV,82,1
50891,1162,2024-04-11,Animation,Laptop,69,4
51515,1133,2024-06-29,Documentary,Smart TV,22,5
51491,1053,2024-08-17,Drama,Smart TV,59,4
52569,1362,2024-01-28,Horror,Laptop,111,3
54748,1402,2024-04-26,Action,Laptop,45,4
53709,1016,2024-05-09,Comedy,Mobile,63,4
54358,1483,2024-04-06,Animation,Tablet,60,3
52882,1075,2024-04-07,Comedy,Laptop,52,5
51684,1278,2024-08-20,Horror,Tablet,69,4
50616,1087,2024-01-26,Romance,Smart TV,104,4
54444,1298,2024-01-05,Series,Mobile,64,4
50776,1598,2024-04-20,Series,Mobile,16,4
52376,1143,2024-04-04,Series,Laptop,71,4
50919,1388,2024-01-20,Comedy,Laptop,91,3
53868,1597,2024-06-27,Animation,Smart TV,65,4
50072,1284,2024-04-04,Documentary,Laptop,109,3
50420,1061,2024-02-28,Documentary,Tablet,18,5
51735,1097,2024-03-11,Romance,Mobile,51,5
54108,1518,2024-05-29,Horror,Laptop,93,4
54462,1076,2024-03-26,Horror,Smart TV,56,4
53194,1582,2024-06-16,Comedy,Smart TV,63,4
54140,1181,2024-04-20,Horror,Tablet,57,4
54801,1431,2024-03-06,Animation,Mobile,68,3
50634,1033,2024-08-07,Drama,Tablet,104,4
52119,1527,2024-05-06,Documentary,Tablet,75,4
53770,1522,2024-03-17,Documentary,Smart TV,51,4
52927,1423,2024-04-26,Series,Smart TV,72,4
50623,1580,2024-02-12,Animation,Laptop,27,3
52552,1116,2024-01-08,Horror,Smart TV,17,4
52561,1081,2024-03-15,Animation,Mobile,73,4
54810,1048,2024-07-08,Documentary,Laptop,21,4
53550,1190,2024-08-09,Comedy,Laptop,75,4
51707,1289,2024-05-04,Horror,Smart TV,51,4
54291,1440,2024-02-04,Action,Smart TV,41,3
51024,1149,2024-04-17,Drama,Smart TV,58,4
52272,1410,2024-08-20,Action,Smart TV,106,1
54785,1532,2024-08-13,Drama,Mobile,91,5
54059,1328,2024-05-19,Romance,Mobile,59,5
54233,1245,2024-06-07,Comedy,Tablet,84,5
52887,1357,2024-01-05,Documentary,Smart TV,79,3
52274,1457,2024-02-02,Documentary,Smart TV,55,5
54372,1388,2024-08-19,Documentary,Laptop,78,5
51721,1098,2024-07-07,Animation,Laptop,41,5
54271,1079,2024-06-04,Drama,Tablet,102,4
52228,1331,2024-05-22,Comedy,Smart TV,62,4
51635,1426,2024-08-20,Drama,Smart TV,36,5
54641,1319,2024-02-03,Horror,Smart TV,101,5
51276,1571,2024-04-07,Action,Tablet,60,4
54596,1073,2024-05-16,Comedy,Mobile,29,5
52355,1364,2024-05-30,Drama,Mobile,67,4
54425,1132,2024-06-24,Series,Laptop,56,5
53504,1341,2024-06-29,Comedy,Mobile,39,4
54577,1199,2024-04-19,Documentary,Mobile,112,5
51164,1256,2024-06-01,Comedy,Smart TV,23,3
51336,1327,2024-07-03,Drama,Smart TV,35,2
51521,1502,2024-04-12,Romance,Mobile,88,4
53665,1146,2024-05-12,Animation,Smart TV,42,5
54245,1450,2024-06-14,Documentary,Smart TV,26,4
50004,1063,2024-01-06,Horror,Mobile,57,3
54733,1200,2024-01-02,Romance,Mobile,95,3
52012,1289,2024-02-21,Action,Smart TV,5,4
50088,1447,2024-05-25,Series,Smart TV,41,5
52424,1294,2024-02-09,Comedy,Smart TV,83,4
52030,1110,2024-02-15,Series,Tablet,19,1
50769,1166,2024-03-17,Horror,Laptop,48,5
54532,1239,2024-02-27,Documentary,Laptop,62,4
51481,1414,2024-07-05,Romance,Mobile,20,1
51570,1069,2024-02-09,Series,Mobile,78,2
53360,1557,2024-02-14,Action,Smart TV,26,1
52593,1240,2024-05-31,Comedy,Smart TV,105,5
53470,1142,2024-07-04,Drama,Mobile,93,5
54373,1252,2024-03-28,Animation,Laptop,21,4
51487,1179,2024-04-08,Animation,Laptop,18,4
53979,1435,2024-01-09,Comedy,Tablet,31,5
52746,1484,2024-02-10,Horror,Mobile,93,3
52859,1221,2024-02-20,Drama,Smart TV,26,3
54488,1180,2024-02-28,Horror,Laptop,5,5
53853,1583,2024-03-03,Animation,Laptop,29,5
52420,1032,2024-05-11,Action,Laptop,87,4
53005,1132,2024-01-05,Animation,Mobile,64,4
54176,1346,2024-06-26,Horror,Laptop,44,5
50820,1217,2024-06-26,Comedy,Smart TV,70,4
54119,1175,2024-08-13,Comedy,Smart TV,47,4
53661,1160,2024-04-24,Horror,Laptop,51,5
53667,1453,2024-07-04,Drama,Smart TV,90,3
51379,1487,2024-07-24,Horror,Smart TV,59,4
51866,1513,2024-01-23,Comedy,Tablet,55,3
51232,1586,2024-01-08,Comedy,Tablet,107,3
50407,1384,2024-01-02,Drama,Smart TV,104,5
54322,1562,2024-04-16,Drama,Laptop,74,4
53645,1470,2024-06-03,Horror,Tablet,18,5
53520,1317,2024-08-18,Action,Mobile,103,5
53594,1356,2024-08-24,Action,Tablet,66,4
52334,1005,2024-04-10,Documentary,Laptop,42,4
53720,1145,2024-03-28,Animation,Mobile,41,1
54974,1328,2024-08-14,Romance,Smart TV,49,5
53110,1049,2024-03-16,Action,Laptop,39,4
50405,1091,2024-07-08,Comedy,Tablet,44,4
52046,1486,2024-06-18,Romance,Smart TV,95,3
51408,1531,2024-01-02,Comedy,Mobile,60,5
53805,1348,2024-04-17,Drama,Tablet,67,2
53125,1493,2024-05-03,Comedy,Mobile,62,4
52608,1325,2024-05-10,Comedy,Laptop,26,4
54931,1372,2024-02-26,Animation,Mobile,95,4
51272,1577,2024-04-26,Comedy,Mobile,69,4
52416,1360,2024-05-27,Animation,Smart TV,20,3
50710,1400,2024-05-13,Series,Smart TV,74,3
51979,1526,2024-02-26,Romance,Tablet,44,3
50127,1447,2024-01-08,Series,Smart TV,75,2
51077,1535,2024-08-03,Horror,Smart TV,76,5
52352,1246,2024-04-13,Documentary,Smart TV,59,5
52036,1565,2024-01-07,Comedy,Tablet,104,4
52628,1029,2024-04-10,Series,Smart TV,5,5
54005,1549,2024-01-20,Horror,Laptop,104,5
50034,1133,2024-02-15,Action,Mobile,55,4
54096,1051,2024-03-28,Animation,Smart TV,47,3
52207,1096,2024-06-28,Animation,Smart TV,21,4
53609,1015,2024-05-02,Horror,Laptop,69,5
50609,1448,2024-03-16,Romance,Smart TV,5,4
50931,1048,2024-03-02,Comedy,Laptop,12,4
50028,1288,2024-02-03,Horror,Smart TV,45,5
51579,1520,2024-05-03,Comedy,Mobile,22,4
50795,1491,2024-01-04,Romance,Smart TV,62,4
52968,1197,2024-01-08,Series,Mobile,50,4
51698,1298,2024-01-12,Horror,Smart TV,40,5
54471,1200,2024-07-07,Comedy,Laptop,26,5
52798,1455,2024-01-03,Romance,Laptop,64,5
53579,1332,2024-04-27,Series,Tablet,24,3
50293,1586,2024-05-01,Action,Mobile,39,1
54756,1168,2024-08-11,Series,Laptop,51,2
51975,1414,2024-01-25,Romance,Smart TV,5,3
54098,1205,2024-05-06,Comedy,Smart TV,39,2
53188,1462,2024-06-22,Action,Tablet,30,3
51751,1341,2024-02-27,Drama,Mobile,99,5
52857,1588,2024-02-29,Action,Laptop,82,4
52711,1278,2024-05-27,Documentary,Smart TV,88,3
54381,1350,2024-03-04,Action,Mobile,83,3
54552,1361,2024-04-07,Documentary,Laptop,107,4
54268,1382,2024-02-10,Series,Smart TV,32,3
51596,1131,2024-03-06,Horror,Laptop,39,5
53084,1160,2024-06-21,Romance,Laptop,50,5
53068,1327,2024-08-22,Series,Laptop,34,5
52199,1192,2024-05-30,Romance,Smart TV,45,4
50605,1107,2024-04-13,Action,Smart TV,33,2
50158,1008,2024-02-22,Drama,Smart TV,79,5
52133,1447,2024-05-18,Romance,Laptop,56,4
52969,1554,2024-04-27,Series,Mobile,61,4
51442,1353,2024-01-05,Drama,Mobile,22,5
51175,1097,2024-07-12,Animation,Smart TV,41,4
54277,1248,2024-05-16,Horror,Smart TV,37,5
53356,1564,2024-04-15,Documentary,Laptop,29,5
51273,1571,2024-04-06,Comedy,Smart TV,114,3
52978,1019,2024-06-19,Drama,Mobile,91,5
50857,1191,2024-07-25,Action,Laptop,55,5
51977,1118,2024-06-09,Documentary,Smart TV,118,3
52084,1549,2024-06-19,Series,Laptop,53,1
52075,1073,2024-08-23,Documentary,Laptop,49,4
51085,1234,2024-04-19,Romance,Mobile,5,5
54586,1004,2024-06-09,Drama,Laptop,28,3
54129,1054,2024-05-20,Drama,Laptop,87,4
52959,1398,2024-01-29,Horror,Mobile,73,4
51449,1156,2024-04-13,Romance,Mobile,51,4
50090,1501,2024-04-10,Comedy,Smart TV,57,4
52096,1084,2024-01-30,Romance,Smart TV,48,4
53319,1196,2024-04-25,Animation,Smart TV,95,4
54438,1099,2024-06-08,Animation,Laptop,47,4
54395,1210,2024-07-28,Series,Laptop,48,4
52963,1391,2024-02-07,Horror,Mobile,95,5
50716,1116,2024-07-27,Documentary,Tablet,85,2
51032,1219,2024-02-24,Horror,Smart TV,81,4
50606,1389,2024-07-18,Comedy,Tablet,48,4
52292,1314,2024-02-25,Horror,Mobile,13,4
54663,1546,2024-03-19,Animation,Mobile,52,4
51058,1136,2024-08-15,Animation,Laptop,81,4
51453,1486,2024-07-01,Series,Mobile,61,5
53622,1228,2024-03-08,Comedy,Laptop,143,4
53309,1362,2024-01-28,Series,Smart TV,81,4
53686,1393,2024-04-22,Drama,Smart TV,10,4
52216,1324,2024-07-15,Comedy,Smart TV,66,4
50940,1149,2024-02-27,Drama,Tablet,120,5
50767,1418,2024-04-07,Action,Laptop,73,4
52766,1171,2024-06-03,Action,Smart TV,55,2
54021,1483,2024-03-23,Drama,Smart TV,63,5
50287,1514,2024-01-08,Horror,Smart TV,61,4
52363,1405,2024-02-08,Romance,Mobile,73,4
53785,1407,2024-07-21,Drama,Laptop,49,5
54796,1345,2024-04-16,Drama,Laptop,113,4
51816,1143,2024-01-18,Drama,Laptop,21,4
54928,1304,2024-04-16,Comedy,Smart TV,61,4
54510,1069,2024-07-17,Documentary,Laptop,103,4
51154,1252,2024-06-28,Series,Mobile,54,5
51518,1339,2024-07-02,Comedy,Laptop,64,4
50513,1483,2024-04-21,Animation,Smart TV,36,3
52240,1178,2024-03-12,Animation,Smart TV,45,3
54138,1238,2024-02-24,Series,Tablet,45,4
53053,1011,2024-07-31,Documentary,Smart TV,41,3
51140,1007,2024-03-19,Drama,Laptop,63,3
52359,1117,2024-05-13,Series,Laptop,5,2
53226,1455,2024-04-16,Series,Mobile,42,3
53116,1526,2024-02-07,Documentary,Smart TV,24,4
50814,1079,2024-05-25,Horror,Tablet,119,3
50100,1373,2024-05-31,Horror,Tablet,8,4
50269,1380,2024-07-11,Romance,Mobile,71,5
51904,1118,2024-07-25,Romance,Smart TV,78,5
54585,1421,2024-08-22,Comedy,Smart TV,18,2
51843,1025,2024-06-05,Series,Laptop,53,2
51100,1207,2024-02-02,Drama,Laptop,34,5
51864,1498,2024-03-01,Series,Tablet,74,4
52072,1531,2024-01-12,Comedy,Smart TV,50,3
50124,1448,2024-05-28,Animation,Smart TV,84,5
51972,1318,2024-05-06,Series,Laptop,63,5
54758,1173,2024-03-28,Comedy,Laptop,107,3
50257,1452,2024-08-11,Romance,Mobile,29,4
54578,1089,2024-05-30,Action,Smart TV,45,1
50137,1127,2024-05-15,Action,Smart TV,50,5
53435,1113,2024-01-21,Drama,Laptop,44,5
53715,1272,2024-03-03,Comedy,Mobile,87,4
54559,1089,2024-08-07,Drama,Mobile,94,5
53030,1011,2024-04-13,Drama,Tablet,77,5
52814,1463,2024-04-08,Documentary,Smart TV,46,4
50603,1090,2024-06-24,Romance,Laptop,37,5
54312,1002,2024-06-04,Comedy,Laptop,88,5
53191,1052,2024-07-14,Series,Mobile,49,4
54050,1263,2024-05-18,Action,Laptop,73,5
53846,1578,2024-07-09,Series,Mobile,67,5
53230,1439,2024-02-27,Animation,Tablet,27,1
51278,1427,2024-02-02,Documentary,Mobile,71,4
51096,1284,2024-01-19,Comedy,Mobile,25,4
50029,1187,2024-07-23,Drama,Smart TV,34,2
53115,1268,2024-03-15,Animation,Smart TV,110,4
53892,1338,2024-01-04,Action,Smart TV,47,5
53361,1591,2024-01-23,Drama,Laptop,54,5
54147,1262,2024-06-21,Comedy,Laptop,69,3
50498,1128,2024-02-16,Comedy,Smart TV,35,4
51356,1129,2024-06-09,Series,Laptop,63,5
52820,1043,2024-08-16,Animation,Smart TV,64,3
53476,1513,2024-07-21,Horror,Laptop,89,5
52813,1101,2024-07-21,Horror,Mobile,28,4
54122,1091,2024-01-26,Drama,Smart TV,25,3
54617,1400,2024-08-07,Romance,Mobile,43,5
54290,1248,2024-06-16,Romance,Laptop,38,5
51181,1184,2024-02-11,Horror,Laptop,49,4
54767,1056,2024-05-21,Series,Laptop,59,4
51859,1290,2024-01-07,Horror,Mobile,67,4
54253,1447,2024-06-16,Horror,Laptop,68,5
54103,1078,2024-07-23,Series,Smart TV,44,5
53381,1262,2024-01-04,Action,Tablet,51,5
52409,1054,2024-08-04,Romance,Smart TV,118,4
52304,1009,2024-06-16,Romance,Smart TV,41,5
53887,1433,2024-03-31,Action,Smart TV,44,4
54588,1002,2024-07-20,Horror,Smart TV,25,4
51708,1453,2024-08-17,Animation,Laptop,91,3
51661,1583,2024-01-30,Romance,Smart TV,63,3
51488,1111,2024-02-02,Series,Smart TV,5,5
54793,1032,2024-03-14,Drama,Tablet,63,1
52851,1184,2024-01-15,Action,Smart TV,7,4
54473,1052,2024-04-09,Animation,Tablet,86,5
52938,1014,2024-07-04,Series,Smart TV,5,4
51700,1510,2024-06-09,Romance,Laptop,39,5
52733,1519,2024-05-04,Romance,Tablet,107,2
53799,1226,2024-02-20,Action,Mobile,48,2
50955,1428,2024-04-14,Series,Laptop,49,1
51627,1540,2024-04-10,Documentary,Smart TV,93,4
52686,1588,2024-04-26,Comedy,Smart TV,20,5
51238,1295,2024-01-12,Animation,Mobile,75,4
51527,1232,2024-03-06,Horror,Smart TV,58,3
50125,1011,2024-02-23,Documentary,Smart TV,46,3
52662,1463,2024-07-04,Animation,Laptop,75,4
53704,1536,2024-01-19,Documentary,Mobile,5,5
54472,1177,2024-08-13,Drama,Tablet,46,4
51921,1044,2024-03-31,Horror,Mobile,60,4
52834,1198,2024-06-21,Horror,Laptop,67,1
52040,1242,2024-04-09,Animation,Mobile,81,4
50862,1041,2024-07-08,Animation,Smart TV,29,3
52544,1432,2024-05-17,Animation,Laptop,19,3
52916,1331,2024-05-29,Romance,Smart TV,31,1
52928,1288,2024-02-13,Action,Laptop,47,4
51535,1338,2024-01-05,Series,Mobile,41,3
53697,1227,2024-05-23,Action,Laptop,73,4
51831,1330,2024-06-07,Series,Mobile,64,4
52303,1246,2024-03-23,Action,Smart TV,76,4
51600,1127,2024-04-10,Series,Smart TV,99,4
50221,1200,2024-06-19,Comedy,Laptop,77,4
51228,1574,2024-07-13,Romance,Laptop,20,4
50213,1514,2024-02-17,Comedy,Laptop,43,4
54089,1438,2024-07-07,Romance,Mobile,73,5
52161,1020,2024-07-24,Action,Laptop,116,5
53338,1201,2024-08-18,Drama,Mobile,50,5
50378,1562,2024-02-10,Animation,Mobile,72,5
52734,1099,2024-03-23,Drama,Laptop,81,3
53780,1032,2024-03-19,Comedy,Smart TV,65,5
53028,1086,2024-04-03,Romance,Mobile,23,4
54480,1064,2024-04-03,Documentary,Smart TV,56,2
53674,1163,2024-07-21,Animation,Tablet,5,5
52255,1138,2024-03-11,Drama,Smart TV,38,5
53812,1312,2024-01-30,Comedy,Laptop,8,4
54802,1289,2024-01-15,Comedy,Smart TV,9,4
54364,1163,2024-01-24,Comedy,Smart TV,40,4
50488,1392,2024-03-05,Drama,Smart TV,73,5
50690,1459,2024-08-24,Series,Smart TV,5,4
54107,1178,2024-08-25,Drama,Mobile,17,5
50943,1197,2024-03-03,Action,Smart TV,5,5
50395,1502,2024-06-16,Comedy,Smart TV,65,5
50617,1079,2024-02-17,Series,Laptop,55,2
53721,1477,2024-05-01,Documentary,Mobile,38,3
51730,1220,2024-04-14,Romance,Smart TV,47,4
51883,1301,2024-02-17,Action,Laptop,59,4
54152,1495,2024-03-02,Romance,Mobile,55,5
54189,1448,2024-05-19,Animation,Smart TV,5,4
54405,1161,2024-06-28,Series,Mobile,72,5
52695,1243,2024-04-28,Series,Laptop,84,4
50282,1121,2024-02-02,Animation,Laptop,60,2
52032,1356,2024-07-06,Animation,Smart TV,54,4
53202,1023,2024-01-29,Action,Laptop,67,5
53380,1029,2024-05-25,Action,Mobile,31,4
52222,1538,2024-05-14,Horror,Laptop,16,4
53185,1432,2024-08-08,Romance,Laptop,27,4
52411,1006,2024-08-25,Comedy,Mobile,5,5
53015,1089,2024-01-02,Horror,Laptop,18,4
52037,1531,2024-02-01,Drama,Laptop,66,5
53897,1240,2024-02-20,Documentary,Smart TV,88,4
53630,1479,2024-08-01,Action,Laptop,69,5
51347,1536,2024-02-14,Series,Laptop,54,4
54658,1244,2024-02-12,Horror,Smart TV,61,4
50259,1514,2024-02-01,Action,Mobile,56,1
54406,1453,2024-03-25,Series,Smart TV,98,4
52678,1379,2024-04-25,Action,Mobile,44,4
52189,1185,2024-08-19,Documentary,Mobile,32,5
51952,1044,2024-07-21,Documentary,Laptop,65,5
50792,1220,2024-02-24,Animation,Tablet,52,5
50561,1372,2024-06-14,Drama,Mobile,105,4
52031,1279,2024-06-20,Comedy,Smart TV,5,4
53029,1136,2024-04-02,Documentary,Mobile,48,5
51522,1112,2024-08-18,Documentary,Mobile,79,4
52799,1362,2024-04-23,Series,Laptop,47,4
54207,1562,2024-05-14,Comedy,Mobile,40,4
53354,1524,2024-07-07,Series,Smart TV,33,5
51701,1089,2024-05-27,Horror,Laptop,25,5
51872,1397,2024-01-28,Animation,Laptop,99,4
51319,1327,2024-02-04,Horror,Smart TV,17,3
53052,1380,2024-02-04,Drama,Laptop,92,3
52395,1516,2024-02-21,Romance,Mobile,52,4
54590,1507,2024-08-21,Drama,Smart TV,101,4
51055,1501,2024-08-23,Comedy,Smart TV,71,4
52047,1488,2024-05-13,Documentary,Smart TV,51,5
51117,1285,2024-05-23,Series,Laptop,51,4
51754,1255,2024-07-31,Series,Laptop,57,4
52698,1281,2024-01-22,Series,Mobile,43,1
51393,1546,2024-01-10,Horror,Smart TV,84,4
51673,1314,2024-01-02,Drama,Tablet,21,4
53236,1341,2024-02-25,Action,Smart TV,54,3
50048,1590,2024-07-22,Action,Laptop,59,5
51641,1098,2024-08-24,Action,Smart TV,44,3
50901,1573,2024-05-24,Animation,Tablet,29,2
53866,1176,2024-01-16,Series,Smart TV,95,3
50120,1426,2024-06-24,Comedy,Mobile,41,4
54440,1590,2024-06-22,Documentary,Mobile,56,3
53587,1118,2024-06-03,Action,Laptop,58,4
54219,1016,2024-03-26,Action,Smart TV,65,5
54650,1027,2024-08-10,Animation,Mobile,45,5
50044,1123,2024-05-14,Animation,Smart TV,55,4
52319,1171,2024-02-10,Animation,Mobile,24,3
51056,1410,2024-05-22,Animation,Laptop,45,5
52825,1111,2024-06-30,Action,Laptop,13,5
51814,1424,2024-03-16,Romance,Mobile,48,4
50092,1094,2024-01-26,Action,Mobile,36,5
53663,1284,2024-01-08,Animation,Smart TV,76,3
50924,1081,2024-01-27,Action,Laptop,102,1
50714,1082,2024-08-12,Animation,Smart TV,58,4
53737,1377,2024-01-23,Drama,Mobile,78,5
53811,1060,2024-03-19,Drama,Mobile,78,5
50361,1432,2024-05-24,Documentary,Smart TV,82,4
51324,1482,2024-02-23,Series,Smart TV,76,5
53136,1232,2024-02-25,Series,Mobile,69,4
51051,1325,2024-05-29,Documentary,Mobile,24,1
52765,1037,2024-02-01,Action,Smart TV,73,4
50960,1484,2024-06-03,Romance,Laptop,48,4
54376,1282,2024-01-13,Horror,Laptop,76,1
51143,1120,2024-08-08,Romance,Tablet,49,5
52220,1491,2024-08-04,Romance,Mobile,43,5
52053,1212,2024-07-23,Animation,Smart TV,64,3
52461,1386,2024-03-11,Drama,Laptop,58,5
52225,1252,2024-01-15,Horror,Mobile,40,2
51755,1394,2024-02-01,Horror,Tablet,56,5
51402,1214,2024-01-14,Romance,Laptop,19,5
54341,1483,2024-05-05,Horror,Mobile,19,5
53080,1014,2024-07-03,Horror,Laptop,20,4
54958,1113,2024-04-16,Action,Mobile,12,3
51052,1355,2024-04-20,Animation,Smart TV,72,5
53800,1476,2024-06-09,Series,Laptop,81,5
52169,1457,2024-06-13,Comedy,Smart TV,76,4
50172,1428,2024-06-21,Horror,Laptop,34,1
53295,1044,2024-08-09,Comedy,Smart TV,16,4
50046,1582,2024-05-10,Horror,Smart TV,66,4
53612,1214,2024-02-18,Action,Mobile,52,3
51342,1014,2024-01-05,Documentary,Mobile,77,2
53042,1072,2024-05-17,Action,Smart TV,89,1
53293,1192,2024-07-24,Comedy,Mobile,60,4
51141,1284,2024-06-17,Romance,Mobile,9,4
52475,1115,2024-08-17,Comedy,Smart TV,24,4
50084,1433,2024-06-09,Animation,Smart TV,10,2
50271,1231,2024-01-14,Comedy,Laptop,25,5
52980,1215,2024-05-04,Series,Mobile,52,4
52360,1528,2024-06-11,Drama,Mobile,59,5
52737,1520,2024-01-20,Animation,Laptop,41,4
51818,1295,2024-06-12,Comedy,Smart TV,45,5
53626,1065,2024-07-19,Action,Laptop,28,5
51880,1408,2024-04-07,Documentary,Smart TV,76,5
54274,1021,2024-02-10,Series,Laptop,54,4
50800,1485,2024-04-24,Comedy,Laptop,75,5
50198,1070,2024-06-12,Action,Mobile,33,4
50547,1243,2024-05-18,Action,Laptop,66,4
51913,1274,2024-04-07,Horror,Laptop,95,3
50923,1004,2024-07-26,Romance,Laptop,10,4
53494,1155,2024-03-31,Series,Smart TV,47,5
51367,1548,2024-04-08,Animation,Tablet,65,5
53923,1093,2024-01-10,Romance,Laptop,51,4
51441,1367,2024-08-25,Drama,Laptop,57,4
54424,1293,2024-01-27,Documentary,Laptop,70,5
51516,1521,2024-06-17,Series,Laptop,74,5
53881,1226,2024-02-25,Comedy,Smart TV,19,4
50240,1080,2024-02-06,Action,Laptop,31,4
50719,1451,2024-04-11,Action,Smart TV,74,5
53259,1583,2024-01-29,Action,Mobile,41,3
53008,1147,2024-04-09,Romance,Smart TV,35,3
51719,1177,2024-01-06,Romance,Smart TV,34,4
54753,1176,2024-04-02,Series,Mobile,71,4
54731,1507,2024-02-16,Romance,Mobile,58,5
51047,1007,2024-06-06,Comedy,Smart TV,41,4
53962,1158,2024-07-20,Comedy,Laptop,91,5
50942,1030,2024-07-18,Documentary,Smart TV,102,5
54797,1253,2024-05-20,Drama,Mobile,58,3
52089,1532,2024-05-19,Romance,Laptop,15,5
50325,1355,2024-02-26,Comedy,Smart TV,85,5
51092,1544,2024-04-17,Action,Mobile,70,1
50833,1060,2024-03-29,Romance,Laptop,24,2
54057,1015,2024-06-29,Documentary,Laptop,84,4
51362,1410,2024-03-26,Horror,Smart TV,69,3
54257,1434,2024-07-14,Drama,Mobile,52,3
51674,1292,2024-05-05,Documentary,Mobile,31,3
53990,1071,2024-08-02,Series,Laptop,53,4
51384,1397,2024-03-29,Romance,Tablet,47,5
53788,1420,2024-01-19,Comedy,Laptop,97,5
51722,1298,2024-07-16,Romance,Smart TV,50,4
51355,1457,2024-01-22,Drama,Mobile,91,4
51560,1081,2024-05-12,Documentary,Smart TV,126,5
51413,1549,2024-03-24,Horror,Smart TV,68,5
50477,1224,2024-01-21,Horror,Mobile,53,5
53410,1234,2024-04-17,Action,Mobile,74,4
51275,1182,2024-07-15,Action,Tablet,63,5
53093,1382,2024-03-23,Romance,Tablet,59,5
50474,1580,2024-01-01,Horror,Smart TV,27,4
52061,1242,2024-02-25,Romance,Smart TV,99,3
52408,1308,2024-08-16,Animation,Mobile,90,4
54661,1430,2024-07-16,Romance,Smart TV,93,4
52209,1035,2024-03-12,Comedy,Laptop,113,4
52298,1192,2024-06-09,Series,Smart TV,37,5
52993,1362,2024-03-14,Horror,Smart TV,49,5
52902,1059,2024-05-02,Animation,Smart TV,47,4
51857,1575,2024-01-26,Horror,Mobile,33,4
50500,1386,2024-03-23,Drama,Tablet,5,4
51606,1007,2024-04-16,Series,Laptop,56,1
54688,1476,2024-06-01,Drama,Smart TV,73,3
52751,1490,2024-08-06,Romance,Mobile,97,4
50101,1496,2024-05-02,Romance,Mobile,21,4
51777,1551,2024-04-22,Animation,Tablet,65,5
52247,1342,2024-07-16,Action,Laptop,24,4
51636,1178,2024-06-25,Documentary,Mobile,16,5
50662,1366,2024-05-23,Romance,Smart TV,27,3
51071,1083,2024-01-21,Documentary,Laptop,11,2
51053,1528,2024-08-06,Horror,Laptop,31,5
54127,1314,2024-04-14,Animation,Tablet,36,4
54783,1034,2024-08-09,Horror,Laptop,38,4
50682,1240,2024-01-22,Animation,Smart TV,89,5
50366,1429,2024-01-27,Series,Mobile,89,4
52595,1117,2024-01-25,Animation,Laptop,13,5
54779,1230,2024-05-11,Series,Smart TV,31,4
51768,1461,2024-04-10,Romance,Smart TV,66,4
53894,1200,2024-03-06,Drama,Tablet,90,5
53986,1391,2024-06-03,Comedy,Laptop,29,1
50382,1373,2024-01-15,Animation,Tablet,34,3
50069,1439,2024-03-07,Comedy,Laptop,60,5
50846,1345,2024-04-06,Horror,Laptop,40,5
51135,1247,2024-06-14,Action,Smart TV,84,5
53758,1051,2024-07-01,Romance,Smart TV,65,4
52650,1533,2024-04-13,Horror,Mobile,66,4
53928,1213,2024-08-09,Action,Smart TV,14,5
53279,1102,2024-04-11,Romance,Laptop,49,5
52876,1095,2024-02-28,Drama,Smart TV,21,4
52739,1499,2024-07-05,Action,Mobile,38,5
52699,1415,2024-06-26,Romance,Laptop,5,5
50602,1481,2024-02-13,Series,Smart TV,74,5
51885,1043,2024-05-17,Animation,Smart TV,68,5
53422,1421,2024-07-11,Horror,Smart TV,5,4
51280,1511,2024-07-02,Romance,Smart TV,77,4
51567,1436,2024-01-15,Animation,Smart TV,92,5
52997,1348,2024-04-28,Series,Laptop,39,5
51770,1008,2024-06-08,Animation,Mobile,64,5
50122,1065,2024-04-25,Romance,Mobile,13,4
54402,1267,2024-07-06,Animation,Laptop,17,3
50285,1273,2024-05-03,Documentary,Laptop,44,4
53581,1009,2024-04-07,Romance,Smart TV,28,5
53583,1550,2024-01-27,Action,Mobile,41,3
53971,1044,2024-08-28,Action,Smart TV,47,2
50732,1035,2024-03-01,Action,Laptop,91,2
51166,1204,2024-05-10,Action,Mobile,75,4
54093,1142,2024-01-12,Action,Mobile,51,4
50580,1009,2024-03-21,Action,Mobile,30,4
50302,1062,2024-01-16,Series,Laptop,5,4
51598,1274,2024-01-20,Romance,Laptop,32,4
54192,1079,2024-08-28,Drama,Laptop,87,4
52833,1361,2024-06-05,Animation,Mobile,14,4
50352,1076,2024-01-07,Series,Smart TV,11,4
52218,1468,2024-04-02,Action,Mobile,65,1
51858,1116,2024-01-08,Comedy,Mobile,58,4
52391,1483,2024-04-13,Documentary,Smart TV,50,3
54632,1007,2024-08-26,Series,Laptop,78,4
50592,1332,2024-05-16,Animation,Mobile,33,5
51151,1016,2024-06-21,Documentary,Smart TV,43,4
51803,1073,2024-03-24,Comedy,Smart TV,53,4
51033,1594,2024-06-23,Documentary,Smart TV,63,4
54705,1182,2024-01-20,Romance,Smart TV,110,4
50387,1441,2024-07-13,Romance,Tablet,5,5
50013,1203,2024-02-14,Action,Smart TV,58,5
51268,1370,2024-06-29,Documentary,Smart TV,48,5
54749,1458,2024-06-27,Animation,Smart TV,61,5
52670,1280,2024-01-21,Romance,Smart TV,39,4
53262,1352,2024-08-09,Romance,Laptop,35,5
50128,1559,2024-05-11,Series,Laptop,69,4
52456,1332,2024-03-24,Drama,Smart TV,90,5
52386,1323,2024-03-05,Romance,Smart TV,39,4
52234,1542,2024-01-05,Series,Laptop,84,2
53849,1254,2024-03-09,Horror,Mobile,11,4
53342,1228,2024-01-08,Drama,Mobile,29,3
50263,1534,2024-03-31,Comedy,Mobile,59,4
50432,1288,2024-08-17,Horror,Smart TV,82,3
52572,1219,2024-01-03,Horror,Laptop,111,4
51461,1585,2024-05-27,Animation,Mobile,66,4
50199,1008,2024-08-05,Action,Mobile,37,5
51236,1235,2024-05-31,Horror,Laptop,5,2
53935,1020,2024-06-23,Drama,Tablet,80,5
52592,1485,2024-01-19,Romance,Smart TV,42,5
54754,1423,2024-01-29,Horror,Smart TV,49,5
53027,1581,2024-07-08,Animation,Laptop,60,1
50621,1025,2024-01-22,Romance,Laptop,38,4
52129,1432,2024-01-30,Series,Tablet,28,5
53376,1305,2024-01-14,Series,Tablet,41,1
51539,1295,2024-06-05,Action,Mobile,74,5
52158,1435,2024-06-10,Series,Laptop,5,4
52212,1288,2024-07-29,Horror,Smart TV,123,4
51530,1329,2024-02-22,Horror,Smart TV,29,5
51997,1526,2024-07-16,Documentary,Laptop,42,5
54315,1114,2024-03-30,Series,Mobile,5,1
51503,1350,2024-04-09,Horror,Mobile,73,3
52924,1583,2024-07-18,Horror,Smart TV,50,4
52960,1383,2024-01-08,Romance,Laptop,52,2
50152,1514,2024-02-22,Series,Laptop,25,5
51683,1398,2024-03-21,Romance,Mobile,51,4
51226,1086,2024-07-02,Romance,Laptop,25,4
51325,1587,2024-03-09,Horror,Laptop,26,4
52574,1032,2024-05-23,Action,Smart TV,68,5
54772,1354,2024-07-16,Action,Laptop,61,4
50828,1530,2024-03-11,Drama,Tablet,55,4
53768,1283,2024-01-01,Action,Mobile,75,5
52551,1088,2024-01-23,Horror,Tablet,112,4
54278,1143,2024-05-13,Drama,Laptop,23,5
51392,1005,2024-03-02,Comedy,Mobile,61,5
51839,1418,2024-05-27,Romance,Smart TV,94,5
51887,1020,2024-01-08,Romance,Tablet,81,4
51531,1150,2024-02-11,Romance,Laptop,28,5
52920,1052,2024-03-08,Series,Mobile,98,1
51229,1068,2024-04-08,Comedy,Smart TV,29,4
51525,1150,2024-08-17,Animation,Laptop,65,5
53558,1569,2024-05-11,Comedy,Laptop,90,4
52681,1109,2024-03-23,Horror,Mobile,97,4
54522,1036,2024-02-03,Series,Smart TV,14,4
53900,1366,2024-04-15,Series,Smart TV,50,5
53224,1485,2024-06-11,Series,Smart TV,80,2
54470,1326,2024-01-12,Drama,Smart TV,69,5
50277,1563,2024-06-04,Animation,Mobile,90,1
52249,1541,2024-03-15,Romance,Laptop,28,4
53595,1600,2024-04-05,Documentary,Smart TV,48,2
52063,1399,2024-01-23,Series,Smart TV,85,5
52215,1330,2024-04-22,Documentary,Laptop,37,3
52172,1528,2024-08-20,Animation,Mobile,74,5
50274,1046,2024-06-21,Horror,Tablet,26,4
50938,1276,2024-01-11,Animation,Mobile,28,5
50205,1380,2024-03-16,Animation,Laptop,81,3
53646,1209,2024-01-18,Action,Tablet,69,4
51027,1038,2024-08-13,Horror,Tablet,41,4
53694,1549,2024-01-25,Action,Laptop,65,5
53668,1317,2024-02-04,Animation,Laptop,19,3
54678,1575,2024-08-07,Drama,Laptop,51,4
52624,1056,2024-07-19,Animation,Mobile,97,5
50939,1441,2024-04-03,Comedy,Tablet,41,4
51601,1293,2024-07-08,Animation,Laptop,6,5
50348,1434,2024-05-13,Animation,Mobile,63,4
53213,1384,2024-06-16,Documentary,Tablet,116,4
53547,1238,2024-04-20,Series,Laptop,47,4
51420,1328,2024-02-24,Drama,Smart TV,48,5
53837,1274,2024-08-26,Documentary,Mobile,23,4
51159,1560,2024-01-07,Animation,Tablet,33,2
54968,1363,2024-07-05,Series,Smart TV,29,4
54518,1576,2024-03-07,Documentary,Mobile,18,3
51201,1050,2024-08-22,Drama,Mobile,76,3
53409,1388,2024-08-21,Animation,Tablet,57,4
52933,1203,2024-01-29,Animation,Smart TV,61,4
50810,1378,2024-01-18,Series,Mobile,68,3
52329,1553,2024-03-22,Romance,Mobile,78,4
50471,1102,2024-05-30,Series,Laptop,84,4
54976,1354,2024-03-20,Series,Smart TV,60,3
51973,1080,2024-03-13,Action,Tablet,66,5
54602,1364,2024-04-08,Romance,Smart TV,23,5
52041,1433,2024-03-14,Action,Mobile,74,3
53717,1334,2024-03-23,Horror,Laptop,27,4
51489,1514,2024-07-17,Action,Smart TV,44,2
54746,1587,2024-07-28,Drama,Laptop,29,3
54622,1136,2024-03-05,Horror,Laptop,49,5
50869,1238,2024-08-19,Action,Smart TV,44,4
54467,1384,2024-08-14,Comedy,Laptop,35,3
51740,1316,2024-06-22,Documentary,Laptop,56,4
54535,1541,2024-07-23,Comedy,Smart TV,31,4
51439,1143,2024-02-06,Drama,Laptop,55,5
53533,1226,2024-01-02,Documentary,Smart TV,14,3
54303,1145,2024-04-30,Action,Tablet,31,4
51985,1527,2024-07-29,Series,Smart TV,47,4
54736,1153,2024-07-24,Horror,Laptop,45,5
52128,1429,2024-08-06,Action,Laptop,41,4
51134,1097,2024-06-29,Horror,Mobile,82,3
51738,1526,2024-03-03,Romance,Laptop,48,5
51025,1015,2024-01-30,Comedy,Smart TV,25,3
51484,1231,2024-02-18,Comedy,Laptop,54,4
51295,1253,2024-03-08,Romance,Mobile,71,5
54041,1104,2024-05-24,Comedy,Laptop,69,5
51102,1374,2024-07-03,Series,Tablet,8,5
54153,1153,2024-08-09,Drama,Smart TV,39,5
51809,1472,2024-05-03,Series,Tablet,44,3
50578,1328,2024-03-11,Comedy,Smart TV,58,5
53691,1079,2024-07-07,Action,Smart TV,35,3
52193,1526,2024-04-01,Drama,Laptop,5,4
52640,1282,2024-06-20,Action,Smart TV,63,4
50367,1512,2024-07-14,Animation,Tablet,22,3
52609,1167,2024-04-07,Drama,Laptop,34,4
51179,1119,2024-08-26,Drama,Mobile,8,4
54788,1463,2024-06-29,Action,Smart TV,61,5
54512,1467,2024-07-16,Animation,Smart TV,26,4
52913,1084,2024-08-03,Horror,Laptop,73,4
52521,1010,2024-06-19,Animation,Smart TV,46,3
51523,1132,2024-07-11,Horror,Smart TV,96,5
51448,1317,2024-01-17,Horror,Mobile,33,5
53666,1379,2024-08-16,Series,Laptop,5,5
54619,1504,2024-03-31,Romance,Mobile,82,3
54236,1088,2024-02-22,Drama,Laptop,72,5
52322,1357,2024-06-04,Comedy,Tablet,5,4
53160,1547,2024-06-04,Romance,Tablet,45,2
52594,1415,2024-02-18,Comedy,Laptop,51,5
52451,1352,2024-06-22,Comedy,Smart TV,42,4
54230,1599,2024-05-22,Series,Smart TV,39,4
53366,1151,2024-08-28,Action,Smart TV,18,5
54859,1565,2024-07-12,Series,Mobile,71,5
51067,1063,2024-06-13,Action,Mobile,75,5
50600,1564,2024-06-08,Series,Laptop,31,5
53725,1140,2024-07-01,Documentary,Laptop,11,4
52064,1236,2024-03-26,Series,Tablet,40,4
51628,1410,2024-05-26,Action,Mobile,74,4
54805,1335,2024-07-24,Documentary,Smart TV,44,3
53576,1522,2024-03-20,Animation,Smart TV,37,3
50404,1481,2024-03-24,Documentary,Laptop,40,4
51760,1202,2024-05-10,Drama,Laptop,7,5
54420,1349,2024-02-19,Comedy,Mobile,76,4
51669,1488,2024-07-31,Drama,Mobile,39,5
50131,1451,2024-08-17,Documentary,Laptop,41,5
52736,1309,2024-03-21,Romance,Laptop,37,5
50228,1560,2024-08-25,Series,Tablet,39,4
52872,1594,2024-03-22,Animation,Mobile,67,4
50822,1327,2024-02-11,Documentary,Mobile,36,4
54676,1474,2024-06-23,Drama,Mobile,54,4
54403,1028,2024-01-02,Horror,Smart TV,47,5
51875,1265,2024-01-28,Drama,Smart TV,62,5
50473,1415,2024-02-24,Action,Laptop,10,3
54702,1273,2024-03-16,Action,Smart TV,5,4
51642,1323,2024-02-24,Horror,Laptop,21,5
53025,1283,2024-05-31,Action,Tablet,81,4
52730,1086,2024-06-15,Action,Smart TV,5,4
50121,1213,2024-02-09,Action,Tablet,14,2
52663,1050,2024-08-14,Horror,Laptop,5,3
51046,1210,2024-07-15,Series,Laptop,45,4
53423,1335,2024-05-19,Horror,Laptop,53,5
54932,1455,2024-07-13,Series,Laptop,71,4
51206,1573,2024-04-12,Horror,Laptop,38,4
51974,1408,2024-08-04,Horror,Smart TV,56,4
52068,1159,2024-06-16,Romance,Tablet,71,5
53229,1099,2024-06-13,Drama,Smart TV,52,4
53638,1472,2024-04-09,Comedy,Mobile,79,4
50309,1584,2024-05-25,Romance,Smart TV,62,4
51122,1143,2024-08-10,Romance,Smart TV,49,5
50133,1592,2024-01-12,Comedy,Laptop,59,5
53987,1364,2024-01-19,Horror,Smart TV,5,5
53875,1064,2024-06-28,Romance,Laptop,79,4
52449,1132,2024-08-05,Documentary,Mobile,29,4
51581,1370,2024-02-13,Comedy,Mobile,76,1
52914,1569,2024-05-04,Romance,Mobile,68,4
50946,1144,2024-06-17,Action,Smart TV,6,5
54363,1187,2024-05-06,Documentary,Mobile,35,5
50171,1249,2024-08-12,Drama,Smart TV,25,1
53065,1001,2024-05-05,Documentary,Laptop,64,5
52835,1234,2024-04-22,Horror,Smart TV,56,4
53628,1016,2024-08-24,Action,Tablet,88,5
51095,1058,2024-03-07,Horror,Mobile,26,1
50085,1194,2024-05-04,Documentary,Laptop,68,4
50159,1577,2024-07-29,Horror,Tablet,36,5
53427,1168,2024-04-20,Series,Laptop,41,2
53789,1450,2024-08-12,Action,Mobile,72,4
53826,1234,2024-06-26,Horror,Mobile,34,5
51668,1114,2024-03-19,Animation,Smart TV,14,5
52157,1170,2024-05-07,Action,Mobile,63,3
52732,1257,2024-01-21,Romance,Laptop,69,5
51172,1236,2024-02-21,Drama,Laptop,57,2
51713,1306,2024-04-29,Drama,Mobile,90,3
54091,1440,2024-08-02,Action,Mobile,21,5
52202,1185,2024-08-28,Documentary,Tablet,31,4
51704,1467,2024-04-02,Documentary,Tablet,105,5
53079,1058,2024-02-13,Comedy,Laptop,85,4
54897,1344,2024-03-29,Horror,Mobile,24,5
50316,1446,2024-03-16,Horror,Tablet,17,4
50212,1212,2024-07-31,Romance,Laptop,91,3
53515,1084,2024-01-26,Comedy,Tablet,68,4
50392,1148,2024-05-25,Comedy,Laptop,5,5
53863,1016,2024-02-16,Romance,Smart TV,36,4
50626,1113,2024-01-27,Horror,Laptop,56,2
52076,1144,2024-06-19,Drama,Smart TV,81,3
53155,1428,2024-01-27,Horror,Tablet,28,4
51174,1168,2024-01-18,Romance,Mobile,26,5
52684,1520,2024-04-18,Series,Smart TV,89,5
54946,1580,2024-05-03,Action,Smart TV,26,4
50035,1370,2024-04-20,Drama,Tablet,5,5
54921,1064,2024-04-30,Documentary,Tablet,89,3
50764,1251,2024-05-28,Romance,Smart TV,71,5
54667,1415,2024-06-03,Drama,Smart TV,50,4
50178,1285,2024-05-02,Drama,Mobile,92,5
50021,1501,2024-07-17,Drama,Mobile,80,4
54971,1338,2024-01-30,Documentary,Mobile,71,5
53965,1555,2024-04-22,Drama,Tablet,26,5
50179,1471,2024-07-20,Horror,Smart TV,32,5
51850,1584,2024-06-05,Romance,Mobile,52,4
50528,1326,2024-05-05,Action,Smart TV,68,4
50486,1221,2024-04-13,Comedy,Smart TV,6,5
52607,1104,2024-07-24,Comedy,Tablet,103,4
51214,1318,2024-06-24,Drama,Smart TV,9,4
51243,1266,2024-04-18,Horror,Mobile,33,4
52066,1563,2024-04-03,Romance,Tablet,88,4
51470,1157,2024-08-08,Animation,Smart TV,55,5
50321,1015,2024-06-11,Action,Tablet,33,4
54750,1432,2024-03-01,Drama,Laptop,29,5
50826,1269,2024-07-23,Drama,Mobile,23,5
50790,1241,2024-05-24,Horror,Laptop,46,2
50020,1229,2024-04-11,Animation,Laptop,78,5
52617,1321,2024-06-20,Horror,Smart TV,48,3
52689,1472,2024-04-15,Drama,Smart TV,64,4
52325,1449,2024-03-01,Drama,Mobile,47,5
53297,1574,2024-02-08,Action,Mobile,70,5
51550,1357,2024-05-19,Series,Laptop,91,4
52008,1485,2024-01-02,Horror,Smart TV,62,4
50357,1120,2024-05-28,Horror,Laptop,5,4
52380,1317,2024-04-22,Animation,Mobile,85,4
54106,1310,2024-05-24,Comedy,Tablet,5,5
53751,1004,2024-05-26,Horror,Smart TV,58,5
53730,1449,2024-05-09,Romance,Laptop,47,4
50449,1046,2024-03-29,Animation,Laptop,66,5
51313,1288,2024-01-14,Horror,Mobile,66,4
54845,1020,2024-05-24,Action,Mobile,114,5
52532,1029,2024-03-28,Documentary,Laptop,43,5
50105,1210,2024-04-16,Drama,Smart TV,85,5
53176,1091,2024-02-05,Action,Smart TV,5,4
51274,1513,2024-02-21,Action,Smart TV,25,4
54047,1377,2024-05-25,Animation,Mobile,67,3
52109,1392,2024-06-02,Action,Mobile,23,4
53451,1451,2024-07-08,Animation,Smart TV,51,4
50809,1461,2024-08-05,Series,Smart TV,64,3
51138,1230,2024-07-11,Comedy,Smart TV,48,4
50910,1254,2024-02-24,Series,Smart TV,17,4
52235,1545,2024-02-26,Horror,Tablet,39,3
53531,1036,2024-05-31,Drama,Mobile,17,4
53582,1076,2024-05-11,Documentary,Mobile,51,4
50668,1294,2024-05-28,Comedy,Smart TV,81,3
54202,1311,2024-02-20,Action,Laptop,28,4
54064,1355,2024-01-14,Romance,Laptop,88,4
52190,1464,2024-03-10,Comedy,Smart TV,47,5
50099,1122,2024-06-25,Romance,Laptop,44,4
51440,1371,2024-05-07,Comedy,Mobile,90,4
51351,1278,2024-03-15,Comedy,Smart TV,117,4
51538,1173,2024-01-01,Series,Smart TV,27,4
52687,1519,2024-06-28,Comedy,Smart TV,71,4
53807,1048,2024-04-17,Animation,Mobile,63,4
54791,1510,2024-07-09,Romance,Smart TV,71,4
51465,1093,2024-03-09,Drama,Laptop,70,4
50281,1277,2024-01-04,Horror,Smart TV,70,3
52496,1395,2024-02-17,Documentary,Laptop,48,4
54959,1241,2024-05-07,Animation,Mobile,56,5
52840,1232,2024-05-25,Comedy,Tablet,5,4
52729,1472,2024-03-30,Documentary,Smart TV,47,4
51192,1419,2024-07-03,Documentary,Laptop,29,5
51657,1200,2024-07-26,Series,Mobile,37,5
54214,1225,2024-05-17,Horror,Tablet,18,3
53367,1559,2024-08-07,Series,Smart TV,27,4
51369,1020,2024-02-22,Horror,Smart TV,16,4
51514,1334,2024-02-14,Comedy,Smart TV,6,5
52991,1577,2024-06-15,Action,Mobile,82,4
52772,1192,2024-01-02,Drama,Smart TV,44,5
51023,1098,2024-07-02,Comedy,Laptop,118,4
53452,1236,2024-02-23,Horror,Smart TV,49,4
51090,1126,2024-05-31,Comedy,Laptop,102,5
54074,1112,2024-06-20,Romance,Mobile,72,4
54716,1554,2024-02-07,Drama,Laptop,60,4
52121,1597,2024-07-02,Action,Mobile,78,5
51652,1249,2024-02-15,Action,Tablet,20,5
50416,1199,2024-02-09,Documentary,Smart TV,79,3
51748,1537,2024-07-24,Comedy,Smart TV,62,5
51474,1373,2024-04-16,Animation,Smart TV,55,4
54182,1430,2024-06-27,Romance,Laptop,54,5
52097,1316,2024-08-27,Romance,Mobile,108,4
50051,1513,2024-05-01,Documentary,Laptop,83,4
51162,1576,2024-05-05,Drama,Mobile,101,4
50015,1116,2024-01-29,Romance,Smart TV,80,4
53698,1006,2024-05-02,Comedy,Smart TV,56,4
51215,1197,2024-07-13,Comedy,Smart TV,32,5
51757,1219,2024-02-04,Action,Mobile,61,4
50339,1546,2024-07-04,Series,Laptop,71,4
50130,1354,2024-03-13,Action,Mobile,5,5
50645,1185,2024-02-17,Horror,Smart TV,27,4
54592,1098,2024-07-03,Action,Mobile,68,4
54007,1436,2024-08-11,Drama,Laptop,61,4
52869,1595,2024-01-06,Action,Laptop,47,2
53739,1472,2024-07-05,Drama,Mobile,49,4
50522,1009,2024-08-02,Action,Laptop,5,5
54051,1555,2024-01-08,Documentary,Smart TV,78,4
50556,1357,2024-08-17,Documentary,Smart TV,34,5
53248,1055,2024-07-03,Romance,Smart TV,41,5
54898,1008,2024-05-22,Horror,Laptop,54,5
53625,1114,2024-08-01,Series,Laptop,16,4
54259,1205,2024-05-31,Comedy,Smart TV,48,4
54962,1571,2024-04-07,Comedy,Smart TV,72,4
52447,1233,2024-06-01,Drama,Smart TV,57,4
50254,1373,2024-07-30,Romance,Laptop,32,5
54775,1509,2024-04-03,Romance,Laptop,40,3
52945,1566,2024-07-29,Documentary,Mobile,92,3
51861,1193,2024-06-09,Horror,Laptop,79,4
50482,1544,2024-03-30,Drama,Smart TV,66,5
53775,1021,2024-04-13,Documentary,Mobile,53,5
52282,1015,2024-07-16,Comedy,Mobile,57,5
51551,1003,2024-05-23,Comedy,Laptop,5,5
52439,1363,2024-02-15,Animation,Laptop,67,4
53391,1241,2024-06-30,Horror,Smart TV,18,3
54726,1394,2024-05-21,Documentary,Tablet,84,5
51945,1389,2024-02-28,Animation,Smart TV,46,5
52782,1220,2024-06-17,Comedy,Smart TV,80,5
51749,1392,2024-08-05,Series,Mobile,52,5
50502,1115,2024-01-06,Horror,Mobile,60,3
54356,1527,2024-07-23,Series,Smart TV,60,4
51776,1583,2024-02-05,Series,Mobile,52,5
51576,1361,2024-06-10,Horror,Tablet,51,2
51297,1471,2024-03-28,Horror,Smart TV,69,4
51733,1297,2024-04-21,Series,Mobile,68,5
50310,1534,2024-05-13,Comedy,Smart TV,64,1
51109,1233,2024-02-27,Drama,Smart TV,9,4
53175,1345,2024-08-10,Horror,Laptop,37,5
53070,1351,2024-02-22,Horror,Smart TV,5,5
51796,1320,2024-02-19,Animation,Laptop,57,5
51116,1517,2024-06-26,Romance,Laptop,41,5
53995,1104,2024-04-21,Animation,Laptop,56,5
52635,1352,2024-02-24,Documentary,Smart TV,36,4
51332,1363,2024-07-05,Documentary,Laptop,79,5
53059,1273,2024-08-16,Drama,Laptop,26,5
52268,1466,2024-07-11,Action,Tablet,96,5
51476,1366,2024-07-28,Documentary,Smart TV,79,4
53857,1246,2024-06-04,Drama,Smart TV,70,3
53344,1514,2024-08-04,Series,Laptop,5,3
53372,1582,2024-04-05,Animation,Laptop,45,4
53017,1327,2024-06-07,Animation,Smart TV,84,4
53568,1411,2024-01-14,Animation,Mobile,31,5
53398,1021,2024-03-09,Action,Mobile,5,5
51364,1424,2024-06-22,Action,Smart TV,74,4
51915,1411,2024-08-18,Documentary,Smart TV,48,4
53545,1117,2024-05-17,Drama,Laptop,72,4
54083,1297,2024-01-06,Comedy,Tablet,14,3
51970,1209,2024-05-29,Romance,Mobile,39,3
50300,1248,2024-05-31,Horror,Smart TV,36,4
51234,1479,2024-03-01,Romance,Tablet,44,5
54950,1260,2024-05-07,Documentary,Smart TV,105,5
51726,1030,2024-08-23,Animation,Laptop,111,5
51163,1178,2024-04-21,Animation,Mobile,36,5
50080,1086,2024-07-20,Animation,Tablet,5,4
54600,1099,2024-06-11,Series,Laptop,31,5
53089,1344,2024-07-11,Documentary,Laptop,21,3
52808,1139,2024-04-11,Animation,Laptop,75,4
54614,1020,2024-06-07,Horror,Smart TV,30,4
53445,1526,2024-03-10,Romance,Mobile,63,5
50748,1334,2024-01-10,Comedy,Smart TV,36,3
51277,1588,2024-03-22,Romance,Mobile,50,4
53170,1284,2024-07-17,Drama,Mobile,56,5
52958,1488,2024-06-08,Comedy,Smart TV,63,5
53299,1573,2024-02-20,Series,Mobile,42,4
54411,1036,2024-05-15,Horror,Mobile,38,5
54154,1390,2024-04-16,Romance,Laptop,112,5
53142,1128,2024-08-26,Series,Laptop,92,4
51681,1137,2024-07-09,Animation,Laptop,31,2
54260,1521,2024-02-01,Horror,Tablet,24,4
52930,1562,2024-04-14,Animation,Mobile,38,4
54337,1023,2024-02-02,Horror,Mobile,26,5
50318,1111,2024-03-01,Horror,Laptop,56,5
52679,1099,2024-06-21,Documentary,Laptop,54,3
52353,1346,2024-05-06,Animation,Smart TV,63,4
52899,1009,2024-08-02,Comedy,Smart TV,46,4
54915,1350,2024-06-12,Drama,Mobile,84,5
51928,1507,2024-04-22,Drama,Mobile,88,5
52269,1062,2024-08-03,Drama,Mobile,50,5
53940,1390,2024-03-11,Horror,Smart TV,64,3
53382,1023,2024-07-13,Animation,Tablet,113,5
52150,1460,2024-01-17,Drama,Smart TV,69,4
54316,1119,2024-01-05,Series,Smart TV,45,5
50206,1171,2024-07-29,Horror,Smart TV,114,4
52418,1314,2024-01-25,Romance,Smart TV,38,4
54237,1281,2024-03-23,Animation,Smart TV,55,3
53485,1508,2024-05-30,Horror,Mobile,40,3
50876,1174,2024-05-11,Comedy,Laptop,41,5
50472,1307,2024-06-02,Animation,Laptop,51,5
53396,1380,2024-05-05,Horror,Smart TV,35,4
50421,1526,2024-06-09,Drama,Smart TV,59,4
52768,1263,2024-02-05,Action,Laptop,71,4
51457,1451,2024-05-04,Action,Laptop,22,1
52445,1180,2024-06-10,Romance,Smart TV,67,5
54517,1041,2024-01-17,Romance,Smart TV,19,4
51836,1282,2024-05-28,Drama,Laptop,13,4
54394,1587,2024-05-04,Drama,Laptop,24,5
52894,1031,2024-02-09,Series,Mobile,44,5
53337,1194,2024-03-21,Animation,Smart TV,57,1
52565,1007,2024-08-22,Drama,Tablet,67,5
51187,1167,2024-06-07,Drama,Laptop,35,4
54246,1035,2024-03-18,Comedy,Smart TV,81,5
54966,1404,2024-06-25,Action,Tablet,50,4
50760,1519,2024-01-30,Romance,Laptop,34,5
54812,1013,2024-07-28,Series,Smart TV,80,2
50429,1158,2024-08-01,Horror,Smart TV,15,5
50144,1008,2024-03-14,Series,Laptop,58,5
52567,1226,2024-07-19,Drama,Mobile,14,2
51044,1483,2024-08-13,Action,Tablet,43,4
52443,1499,2024-03-07,Action,Tablet,60,5
52674,1187,2024-07-28,Comedy,Laptop,76,5
51042,1201,2024-07-08,Drama,Smart TV,51,4
51588,1101,2024-04-25,Horror,Smart TV,43,3
51113,1109,2024-01-14,Series,Laptop,21,3
54922,1323,2024-04-13,Action,Mobile,30,4
54539,1048,2024-02-26,Series,Laptop,5,5
50291,1399,2024-02-03,Animation,Mobile,45,4
52884,1167,2024-06-28,Drama,Smart TV,58,5
50466,1304,2024-02-20,Series,Smart TV,72,5
50499,1459,2024-01-08,Series,Tablet,51,2
53305,1529,2024-04-17,Horror,Mobile,44,4
53548,1080,2024-01-12,Drama,Laptop,35,5
52936,1532,2024-07-27,Horror,Smart TV,7,3
52546,1247,2024-08-21,Romance,Smart TV,47,5
53860,1193,2024-04-06,Documentary,Laptop,69,4
52619,1144,2024-08-27,Comedy,Laptop,52,5
54556,1076,2024-03-31,Drama,Smart TV,55,4
54109,1324,2024-08-25,Series,Mobile,20,5
54960,1380,2024-04-09,Action,Mobile,77,3
52987,1110,2024-06-25,Action,Smart TV,36,3
50882,1481,2024-01-14,Action,Mobile,85,3
51729,1397,2024-08-22,Action,Smart TV,48,4
53852,1567,2024-07-01,Documentary,Mobile,5,4
53031,1386,2024-04-22,Comedy,Mobile,29,4
50192,1160,2024-06-30,Documentary,Smart TV,5,4
53256,1567,2024-07-25,Documentary,Smart TV,50,4
52962,1600,2024-04-11,Action,Smart TV,46,4
54741,1114,2024-08-06,Documentary,Smart TV,5,5
52501,1223,2024-05-11,Action,Mobile,92,5
54235,1153,2024-07-01,Comedy,Smart TV,95,5
50912,1419,2024-03-29,Documentary,Laptop,36,4
54469,1399,2024-01-06,Animation,Laptop,54,5
51335,1203,2024-08-15,Animation,Laptop,52,4
51111,1025,2024-05-29,Horror,Mobile,111,5
52838,1246,2024-07-23,Horror,Smart TV,66,4
53726,1415,2024-04-04,Animation,Smart TV,30,5
51099,1267,2024-03-10,Action,Smart TV,44,4
53271,1338,2024-05-27,Horror,Smart TV,89,5
53067,1429,2024-03-23,Romance,Laptop,56,5
53497,1218,2024-01-10,Romance,Smart TV,73,5
50469,1332,2024-03-25,Documentary,Mobile,89,5
54183,1340,2024-02-19,Action,Laptop,82,4
54829,1385,2024-04-17,Romance,Mobile,59,3
54104,1025,2024-02-08,Horror,Tablet,76,4
52260,1121,2024-06-07,Horror,Smart TV,20,4
53362,1461,2024-03-31,Documentary,Laptop,80,3
53596,1141,2024-02-25,Romance,Smart TV,36,5
50979,1450,2024-01-10,Drama,Tablet,68,4
53718,1289,2024-07-03,Drama,Laptop,11,5
51629,1408,2024-08-14,Documentary,Mobile,113,4
54723,1009,2024-07-08,Romance,Mobile,31,4
50950,1518,2024-07-03,Animation,Smart TV,75,4
54737,1512,2024-07-24,Romance,Smart TV,89,4
54647,1091,2024-05-21,Horror,Mobile,22,4
50065,1004,2024-04-02,Comedy,Tablet,59,5
52709,1502,2024-08-24,Action,Tablet,52,5
50887,1483,2024-08-26,Series,Smart TV,24,4
51566,1564,2024-05-27,Comedy,Laptop,33,5
53163,1357,2024-07-27,Animation,Mobile,23,4
52946,1203,2024-02-17,Animation,Tablet,53,3
50854,1104,2024-03-25,Documentary,Tablet,80,1
51626,1511,2024-02-12,Drama,Mobile,38,5
50117,1431,2024-08-16,Romance,Mobile,58,2
54170,1202,2024-06-18,Comedy,Smart TV,23,4
52001,1367,2024-01-29,Drama,Smart TV,51,5
54993,1419,2024-01-27,Documentary,Smart TV,58,4
52211,1063,2024-05-23,Animation,Smart TV,31,4
54204,1205,2024-03-27,Drama,Smart TV,49,5
50715,1254,2024-07-26,Series,Mobile,18,5
54771,1537,2024-01-20,Documentary,Mobile,69,5
51950,1451,2024-01-24,Drama,Laptop,62,4
51310,1013,2024-03-22,Comedy,Laptop,78,4
52278,1157,2024-08-02,Romance,Mobile,39,5
51763,1520,2024-03-23,Animation,Mobile,5,5
53738,1327,2024-04-15,Action,Laptop,77,4
51922,1320,2024-07-15,Animation,Mobile,103,5
53480,1407,2024-03-09,Horror,Smart TV,43,4
53453,1441,2024-04-05,Animation,Mobile,44,4
50373,1083,2024-03-07,Documentary,Mobile,49,3
53122,1140,2024-01-22,Documentary,Laptop,42,4
54134,1162,2024-01-17,Action,Mobile,53,4
52280,1030,2024-01-29,Documentary,Smart TV,71,3
51104,1476,2024-05-29,Series,Mobile,11,4
52590,1510,2024-03-25,Drama,Smart TV,75,4
54068,1222,2024-06-08,Romance,Tablet,20,1
53756,1259,2024-06-28,Action,Mobile,69,5
54913,1537,2024-06-17,Action,Smart TV,75,3
51961,1120,2024-01-06,Action,Smart TV,40,4
54135,1530,2024-04-14,Drama,Mobile,32,3
52780,1415,2024-03-24,Documentary,Mobile,7,4
54660,1060,2024-08-28,Romance,Mobile,59,5
54872,1016,2024-04-27,Romance,Smart TV,142,4
50666,1529,2024-02-15,Animation,Smart TV,68,5
53128,1067,2024-05-22,Action,Mobile,79,4
52313,1424,2024-07-02,Comedy,Mobile,49,5
54034,1042,2024-04-30,Horror,Laptop,36,5
53123,1037,2024-07-08,Horror,Smart TV,46,4
50098,1494,2024-05-28,Romance,Mobile,36,3
50038,1425,2024-05-05,Series,Laptop,42,3
54957,1057,2024-08-10,Documentary,Mobile,62,5
51686,1101,2024-03-13,Animation,Tablet,88,2
54350,1370,2024-04-27,Series,Mobile,66,5
54782,1078,2024-01-18,Romance,Laptop,23,4
51552,1309,2024-02-29,Comedy,Laptop,44,4
51248,1398,2024-06-06,Romance,Smart TV,8,5
52448,1196,2024-01-13,Action,Mobile,45,4
52213,1220,2024-05-26,Comedy,Smart TV,89,4
54794,1441,2024-02-11,Comedy,Mobile,68,4
51625,1599,2024-03-03,Horror,Tablet,16,4
53196,1479,2024-08-11,Comedy,Laptop,101,5
52970,1206,2024-02-25,Series,Tablet,49,4
52034,1151,2024-05-21,Drama,Mobile,20,4
54419,1526,2024-07-02,Animation,Tablet,40,3
53151,1483,2024-08-10,Animation,Smart TV,77,5
54645,1539,2024-01-16,Documentary,Mobile,39,3
54163,1493,2024-07-05,Series,Mobile,67,3
50160,1003,2024-07-21,Animation,Smart TV,18,3
51349,1523,2024-06-12,Horror,Smart TV,47,3
54427,1044,2024-08-10,Documentary,Smart TV,50,3
54362,1336,2024-06-23,Documentary,Smart TV,17,3
54040,1402,2024-03-08,Animation,Smart TV,40,3
52763,1247,2024-07-14,Series,Smart TV,101,5
51903,1418,2024-04-27,Animation,Laptop,73,4
52055,1149,2024-08-14,Series,Laptop,19,4
54789,1402,2024-08-02,Documentary,Laptop,75,5
52871,1381,2024-04-17,Documentary,Tablet,22,5
54229,1259,2024-07-18,Series,Laptop,136,1
52559,1502,2024-02-29,Comedy,Smart TV,42,4
54450,1397,2024-02-14,Series,Mobile,12,5
51632,1355,2024-06-03,Documentary,Mobile,64,4
54841,1343,2024-04-08,Comedy,Laptop,5,5
54296,1088,2024-07-15,Animation,Mobile,79,3
52023,1414,2024-03-22,Series,Smart TV,31,2
54351,1525,2024-02-06,Action,Smart TV,23,3
50355,1307,2024-03-06,Romance,Laptop,5,4
52159,1176,2024-07-29,Action,Laptop,60,4
52196,1220,2024-05-16,Series,Smart TV,95,5
53706,1359,2024-07-05,Drama,Laptop,20,4
50935,1251,2024-01-06,Documentary,Mobile,44,5
53693,1230,2024-03-19,Series,Mobile,42,5
52336,1307,2024-08-26,Action,Mobile,43,5
52922,1059,2024-07-12,Romance,Mobile,56,3
53642,1276,2024-06-22,Series,Tablet,87,5
54725,1056,2024-04-13,Drama,Smart TV,19,4
50388,1385,2024-02-28,Comedy,Laptop,52,5
55000,1368,2024-07-10,Animation,Laptop,59,3
50270,1366,2024-05-13,Romance,Tablet,85,2
53419,1433,2024-02-17,Documentary,Smart TV,82,4
54067,1006,2024-03-28,Animation,Tablet,55,5
53733,1379,2024-01-29,Comedy,Mobile,5,4
54168,1291,2024-05-19,Action,Smart TV,65,5
51308,1531,2024-03-29,Series,Mobile,77,5
52712,1429,2024-02-03,Comedy,Mobile,54,4
52248,1284,2024-01-22,Action,Tablet,18,5
52754,1175,2024-03-31,Drama,Smart TV,17,5
54397,1074,2024-04-18,Horror,Mobile,44,5
52804,1346,2024-03-25,Animation,Laptop,42,5
53432,1390,2024-04-10,Comedy,Laptop,49,3
52115,1253,2024-08-25,Drama,Smart TV,66,5
53804,1136,2024-03-25,Series,Laptop,122,2
51901,1416,2024-03-23,Romance,Laptop,30,2
50008,1327,2024-06-14,Series,Smart TV,51,4
50012,1163,2024-06-02,Series,Laptop,50,5
54485,1337,2024-08-19,Horror,Smart TV,51,4
53489,1381,2024-02-29,Romance,Smart TV,98,3
53765,1257,2024-04-07,Animation,Smart TV,109,5
50669,1297,2024-04-25,Comedy,Laptop,42,4
50286,1539,2024-06-16,Series,Tablet,70,5
54256,1183,2024-07-14,Documentary,Laptop,14,5
54813,1376,2024-07-31,Series,Mobile,24,4
51110,1253,2024-07-23,Series,Laptop,32,5
51914,1476,2024-03-28,Drama,Tablet,12,5
50135,1553,2024-01-27,Comedy,Tablet,29,5
53468,1599,2024-01-09,Documentary,Smart TV,57,3
52622,1327,2024-04-10,Series,Mobile,57,5
54220,1320,2024-02-10,Drama,Laptop,77,3
52120,1119,2024-07-24,Series,Mobile,5,3
54860,1363,2024-08-14,Animation,Laptop,29,4
52388,1551,2024-05-08,Documentary,Smart TV,16,4
50741,1425,2024-06-10,Romance,Laptop,44,4
51712,1385,2024-05-23,Romance,Mobile,48,4
53981,1314,2024-01-04,Documentary,Smart TV,94,5
52421,1371,2024-06-15,Documentary,Smart TV,66,5
54265,1515,2024-05-25,Horror,Smart TV,36,3
53219,1521,2024-06-15,Series,Laptop,63,4
53264,1073,2024-03-18,Series,Smart TV,82,4
50351,1018,2024-03-07,Action,Mobile,51,5
52649,1587,2024-05-22,Horror,Smart TV,55,4
53207,1186,2024-08-20,Animation,Mobile,80,5
50441,1295,2024-06-11,Action,Smart TV,38,5
51089,1208,2024-02-28,Comedy,Smart TV,45,4
51368,1577,2024-07-08,Animation,Smart TV,55,3
50075,1193,2024-05-19,Documentary,Smart TV,12,5
51663,1344,2024-04-08,Documentary,Mobile,70,5
51633,1046,2024-04-08,Animation,Smart TV,45,2
50043,1083,2024-05-22,Action,Smart TV,71,5
54389,1296,2024-08-24,Comedy,Mobile,65,5
54299,1287,2024-03-10,Documentary,Laptop,73,5
51759,1112,2024-01-23,Animation,Laptop,49,3
53930,1375,2024-02-06,Comedy,Smart TV,11,3
50607,1327,2024-05-24,Animation,Smart TV,21,3
53411,1125,2024-01-12,Comedy,Laptop,59,5
50141,1159,2024-03-18,Romance,Tablet,31,5
51855,1103,2024-01-18,Drama,Mobile,59,5
53401,1381,2024-08-06,Drama,Mobile,78,4
54396,1178,2024-05-08,Horror,Laptop,34,3
50970,1479,2024-06-13,Horror,Smart TV,67,4
54009,1509,2024-01-28,Series,Mobile,45,3
50704,1566,2024-02-04,Comedy,Tablet,49,4
52142,1583,2024-04-12,Documentary,Mobile,15,5
52412,1365,2024-08-27,Documentary,Laptop,52,4
50456,1322,2024-01-12,Animation,Laptop,24,4
52070,1340,2024-04-13,Comedy,Mobile,90,4
52297,1247,2024-03-07,Drama,Mobile,98,4
53493,1500,2024-08-18,Horror,Tablet,25,4
54489,1441,2024-06-06,Action,Laptop,19,4
53983,1325,2024-06-21,Romance,Laptop,5,5
53329,1129,2024-01-09,Animation,Smart TV,56,4
53066,1153,2024-08-01,Action,Laptop,48,5
53158,1486,2024-03-30,Romance,Mobile,92,4
52198,1524,2024-02-15,Action,Smart TV,22,4
53778,1461,2024-08-16,Comedy,Smart TV,62,3
50175,1452,2024-01-10,Drama,Mobile,49,5
54612,1243,2024-06-24,Comedy,Smart TV,66,3
54078,1414,2024-07-21,Documentary,Tablet,49,1
51098,1573,2024-06-04,Animation,Mobile,65,5
53710,1207,2024-04-28,Romance,Smart TV,5,4
50538,1591,2024-03-06,Romance,Laptop,47,4
51418,1338,2024-04-28,Comedy,Mobile,81,4
52598,1195,2024-06-19,Romance,Smart TV,80,4
52349,1419,2024-05-09,Animation,Mobile,78,5
53985,1054,2024-03-27,Horror,Laptop,87,5
52279,1101,2024-03-28,Series,Laptop,65,4
50444,1575,2024-07-13,Comedy,Tablet,71,3
50849,1270,2024-04-16,Horror,Laptop,73,4
50335,1133,2024-05-15,Romance,Mobile,74,5
51750,1589,2024-02-12,Action,Smart TV,5,3
54887,1316,2024-04-11,Romance,Tablet,76,4
54554,1074,2024-05-15,Comedy,Mobile,21,3
53074,1192,2024-04-30,Action,Laptop,36,5
53614,1214,2024-01-22,Animation,Smart TV,22,5
50534,1095,2024-06-03,Horror,Tablet,5,5
51010,1161,2024-04-21,Comedy,Smart TV,55,5
52148,1043,2024-04-01,Romance,Laptop,5,4
53719,1139,2024-07-15,Documentary,Laptop,49,5
54332,1244,2024-06-24,Series,Tablet,111,5
54238,1025,2024-04-07,Documentary,Tablet,47,3
51944,1142,2024-03-19,Comedy,Laptop,48,4
54608,1245,2024-02-29,Romance,Tablet,55,5
54722,1401,2024-08-16,Comedy,Smart TV,24,4
52514,1106,2024-06-23,Horror,Smart TV,112,5
51695,1205,2024-07-26,Romance,Mobile,82,4
50903,1411,2024-05-27,Series,Mobile,32,3
54908,1212,2024-02-26,Drama,Smart TV,68,4
51195,1168,2024-07-29,Action,Smart TV,81,4
51659,1061,2024-07-06,Series,Mobile,57,3
50718,1489,2024-02-14,Documentary,Smart TV,34,5
53884,1552,2024-06-13,Animation,Tablet,57,3
50647,1178,2024-05-23,Comedy,Smart TV,83,3
54999,1353,2024-01-29,Action,Smart TV,32,2
54686,1394,2024-08-04,Horror,Mobile,132,5
51634,1502,2024-04-25,Series,Mobile,106,4
53227,1067,2024-06-14,Drama,Smart TV,55,4
52680,1096,2024-01-31,Series,Smart TV,31,4
52665,1251,2024-07-02,Romance,Smart TV,57,4
52379,1587,2024-04-11,Series,Mobile,35,5
53982,1037,2024-08-20,Comedy,Laptop,63,5
50150,1001,2024-06-06,Drama,Mobile,68,4
50663,1330,2024-01-10,Romance,Smart TV,45,4
51148,1325,2024-01-25,Action,Smart TV,16,5
53727,1534,2024-08-19,Romance,Smart TV,35,3
50079,1242,2024-01-06,Action,Smart TV,5,3
52455,1238,2024-02-19,Comedy,Smart TV,28,3
50649,1276,2024-02-09,Comedy,Mobile,49,4
51528,1005,2024-03-24,Horror,Tablet,56,5
51782,1356,2024-03-20,Romance,Laptop,37,4
53641,1294,2024-04-26,Drama,Smart TV,44,3
53254,1444,2024-03-19,Series,Smart TV,43,1
52188,1398,2024-07-04,Horror,Smart TV,25,4
52513,1072,2024-02-02,Series,Laptop,41,4
51918,1348,2024-05-27,Romance,Tablet,42,4
50798,1135,2024-02-06,Romance,Smart TV,47,5
52845,1102,2024-08-24,Animation,Smart TV,73,5
52700,1430,2024-07-07,Romance,Smart TV,34,5
52985,1386,2024-02-01,Comedy,Tablet,40,4
50639,1202,2024-05-21,Drama,Tablet,5,4
50881,1265,2024-01-10,Series,Laptop,24,4
53589,1157,2024-06-29,Documentary,Smart TV,79,3
52351,1459,2024-06-16,Horror,Tablet,48,4
54244,1573,2024-02-25,Comedy,Laptop,49,4
52638,1262,2024-01-20,Action,Smart TV,32,5
51747,1337,2024-02-20,Romance,Laptop,70,4
53832,1105,2024-03-30,Series,Mobile,5,4
53745,1560,2024-04-19,Series,Smart TV,10,4
52573,1440,2024-04-03,Romance,Mobile,41,3
53932,1181,2024-05-30,Action,Laptop,45,3
54465,1276,2024-05-19,Series,Mobile,55,5
51320,1249,2024-05-01,Drama,Laptop,50,3
52195,1299,2024-08-24,Series,Mobile,56,2
50163,1283,2024-05-22,Animation,Smart TV,87,5
52431,1475,2024-06-13,Romance,Mobile,43,4
52596,1369,2024-05-08,Horror,Smart TV,64,5
50963,1245,2024-07-03,Action,Laptop,76,5
50687,1032,2024-04-12,Drama,Laptop,62,4
52641,1190,2024-01-05,Drama,Smart TV,66,5
52323,1105,2024-02-21,Series,Smart TV,30,4
51766,1001,2024-01-06,Action,Laptop,57,4
51254,1151,2024-05-11,Drama,Tablet,30,5
54348,1021,2024-07-11,Animation,Laptop,35,3
50694,1464,2024-08-26,Animation,Smart TV,45,4
51431,1407,2024-03-07,Series,Tablet,18,5
53488,1401,2024-03-04,Horror,Smart TV,26,4
53525,1592,2024-06-27,Animation,Tablet,18,4
50112,1491,2024-03-17,Documentary,Smart TV,41,5
51412,1182,2024-08-08,Comedy,Laptop,60,4
50283,1066,2024-08-13,Action,Laptop,5,5
53245,1371,2024-01-21,Horror,Smart TV,76,4
50884,1476,2024-06-25,Series,Smart TV,47,4
51844,1138,2024-07-03,Drama,Smart TV,41,3
54045,1036,2024-05-16,Series,Mobile,63,5
51173,1124,2024-04-12,Series,Laptop,105,4
50558,1077,2024-04-01,Series,Smart TV,53,5
52951,1170,2024-08-28,Drama,Smart TV,81,4
50489,1068,2024-04-03,Documentary,Smart TV,24,4
50061,1161,2024-07-01,Romance,Mobile,58,3
51168,1219,2024-01-29,Series,Mobile,74,4
52346,1026,2024-06-09,Drama,Laptop,62,4
54606,1306,2024-05-26,Animation,Smart TV,101,5
50573,1404,2024-04-07,Romance,Tablet,38,5
50195,1124,2024-05-20,Horror,Laptop,39,4
51622,1109,2024-03-27,Drama,Smart TV,73,4
50442,1494,2024-05-02,Documentary,Laptop,43,5
52013,1299,2024-06-20,Documentary,Smart TV,62,4
50054,1207,2024-07-31,Animation,Smart TV,47,4
51473,1297,2024-01-13,Drama,Laptop,23,5
52817,1206,2024-06-23,Comedy,Smart TV,39,3
51558,1267,2024-01-09,Drama,Smart TV,5,3
54263,1193,2024-03-26,Drama,Smart TV,55,5
51223,1303,2024-03-20,Drama,Smart TV,50,4
51614,1340,2024-02-12,Animation,Laptop,69,4
53278,1564,2024-06-11,Romance,Laptop,18,4
51685,1095,2024-02-13,Drama,Laptop,34,4
53740,1002,2024-05-26,Documentary,Smart TV,21,4
52014,1588,2024-08-13,Comedy,Mobile,89,4
51409,1002,2024-06-02,Documentary,Laptop,38,4
53418,1481,2024-03-15,Documentary,Mobile,73,5
53771,1162,2024-06-15,Documentary,Laptop,49,5
50788,1259,2024-03-09,Series,Laptop,75,5
51329,1252,2024-08-28,Comedy,Mobile,75,5
54718,1123,2024-02-09,Comedy,Mobile,32,4
53944,1337,2024-08-08,Drama,Mobile,85,5
54416,1586,2024-01-17,Drama,Tablet,77,4
51480,1316,2024-07-31,Drama,Laptop,26,5
51004,1250,2024-01-05,Action,Laptop,49,4
50140,1197,2024-08-18,Comedy,Mobile,96,4
54597,1578,2024-05-06,Series,Tablet,51,3
54799,1095,2024-08-14,Documentary,Smart TV,52,5
51587,1535,2024-07-30,Animation,Laptop,80,1
54139,1227,2024-05-06,Action,Laptop,71,5
53064,1549,2024-05-18,Action,Mobile,54,4
54221,1061,2024-04-25,Animation,Laptop,73,1
52043,1386,2024-08-09,Documentary,Smart TV,5,4
52077,1561,2024-04-07,Animation,Mobile,78,5
52965,1460,2024-06-08,Horror,Smart TV,46,4
53013,1164,2024-04-13,Documentary,Laptop,56,5
52369,1068,2024-06-23,Drama,Mobile,5,4
52668,1276,2024-07-24,Comedy,Mobile,23,4
53988,1568,2024-04-30,Romance,Mobile,69,4
50425,1237,2024-06-17,Drama,Mobile,129,3
54464,1252,2024-08-16,Drama,Mobile,80,2
50345,1078,2024-01-23,Documentary,Smart TV,60,5
54548,1404,2024-03-08,Comedy,Smart TV,13,4
53118,1506,2024-01-20,Action,Smart TV,96,3
54210,1187,2024-04-27,Drama,Mobile,45,5
52862,1439,2024-01-02,Series,Tablet,63,4
52332,1115,2024-04-13,Comedy,Smart TV,24,4
51794,1590,2024-08-02,Drama,Tablet,74,4
53012,1064,2024-05-30,Action,Laptop,77,4
54141,1273,2024-02-29,Series,Smart TV,27,5
51112,1504,2024-05-06,Comedy,Smart TV,83,1
53867,1122,2024-07-24,Drama,Smart TV,78,5
54644,1266,2024-02-26,Animation,Mobile,5,2
53273,1561,2024-06-08,Horror,Smart TV,62,4
51517,1445,2024-03-15,Documentary,Laptop,89,4
51060,1595,2024-06-25,Horror,Tablet,36,5
50204,1033,2024-05-02,Animation,Mobile,61,4
54877,1591,2024-05-15,Animation,Smart TV,90,5
52795,1380,2024-08-16,Romance,Smart TV,51,5
54284,1244,2024-01-19,Horror,Tablet,97,5
53535,1103,2024-02-08,Action,Mobile,72,4
54474,1068,2024-08-11,Drama,Laptop,43,4
53523,1557,2024-05-20,Comedy,Smart TV,47,4
50108,1246,2024-01-02,Horror,Smart TV,69,4
52932,1177,2024-02-17,Documentary,Smart TV,5,5
52791,1556,2024-05-15,Comedy,Mobile,12,3
51257,1087,2024-04-02,Animation,Smart TV,29,4
53810,1231,2024-02-06,Animation,Mobile,17,5
52405,1019,2024-06-21,Action,Smart TV,55,2
53524,1301,2024-05-10,Romance,Smart TV,60,4
54302,1184,2024-04-11,Series,Laptop,31,5
50333,1206,2024-03-24,Series,Mobile,39,3
50458,1060,2024-01-04,Comedy,Mobile,23,4
54228,1381,2024-04-23,Series,Laptop,47,2
51705,1315,2024-07-03,Series,Mobile,55,3
52156,1188,2024-02-08,Comedy,Smart TV,65,5
54118,1001,2024-04-01,Romance,Tablet,53,5
53203,1236,2024-03-06,Animation,Smart TV,46,4
53689,1451,2024-02-13,Romance,Smart TV,85,5
54623,1189,2024-04-05,Comedy,Mobile,52,3
52865,1251,2024-02-21,Animation,Smart TV,68,1
53321,1439,2024-03-13,Romance,Mobile,41,4
54709,1106,2024-02-14,Action,Smart TV,42,3
53848,1101,2024-08-21,Action,Smart TV,53,3
53562,1401,2024-01-16,Series,Smart TV,79,4
54989,1292,2024-07-28,Series,Tablet,11,3
51920,1545,2024-06-29,Comedy,Laptop,30,3
50757,1097,2024-02-07,Animation,Smart TV,54,4
52517,1410,2024-07-02,Animation,Mobile,50,4
51031,1122,2024-02-11,Animation,Mobile,62,4
52067,1554,2024-03-08,Drama,Smart TV,69,3
51410,1464,2024-05-05,Romance,Mobile,50,5
53956,1504,2024-08-22,Animation,Mobile,47,4
52891,1030,2024-07-14,Comedy,Smart TV,25,5
52087,1545,2024-05-30,Horror,Mobile,69,5
53528,1348,2024-08-05,Animation,Mobile,35,3
54936,1345,2024-04-19,Animation,Laptop,49,4
53827,1125,2024-04-04,Documentary,Mobile,77,5
51370,1107,2024-03-23,Action,Laptop,51,4
53328,1596,2024-02-18,Horror,Laptop,109,5
52022,1345,2024-07-16,Animation,Mobile,40,5
51656,1314,2024-06-19,Comedy,Laptop,47,5
54679,1531,2024-03-04,Documentary,Laptop,35,5
51493,1321,2024-06-01,Animation,Laptop,46,3
50119,1478,2024-02-09,Romance,Laptop,96,4
53890,1174,2024-05-05,Horror,Laptop,5,3
51876,1580,2024-07-11,Series,Mobile,43,4
54699,1506,2024-06-27,Documentary,Laptop,56,5
51225,1355,2024-07-10,Animation,Mobile,91,5
53744,1120,2024-06-26,Drama,Smart TV,57,5
53039,1345,2024-02-12,Documentary,Tablet,40,4
50156,1561,2024-06-17,Documentary,Mobile,55,5
52779,1437,2024-05-10,Horror,Mobile,63,4
53044,1543,2024-07-09,Romance,Laptop,95,5
51298,1395,2024-01-08,Action,Laptop,37,4
51317,1416,2024-08-16,Documentary,Smart TV,57,3
52224,1447,2024-01-30,Animation,Laptop,65,3
54375,1397,2024-04-20,Drama,Mobile,78,5
50415,1039,2024-06-01,Comedy,Smart TV,45,3
53146,1223,2024-08-13,Documentary,Smart TV,26,4
54703,1555,2024-03-14,Drama,Laptop,45,4
52548,1514,2024-08-21,Comedy,Laptop,74,4
54640,1575,2024-08-04,Horror,Laptop,56,4
54273,1323,2024-08-15,Horror,Tablet,48,4
54367,1487,2024-05-06,Series,Tablet,106,1
50016,1386,2024-05-18,Drama,Mobile,55,4
54838,1153,2024-08-28,Horror,Mobile,55,2
51305,1361,2024-08-27,Horror,Laptop,14,3
52324,1531,2024-07-03,Animation,Smart TV,58,5
54247,1449,2024-01-12,Series,Laptop,100,5
51862,1085,2024-02-07,Drama,Mobile,47,5
51233,1566,2024-07-30,Comedy,Tablet,94,2
54019,1040,2024-04-06,Documentary,Laptop,19,4
51309,1291,2024-08-22,Romance,Mobile,44,4
51255,1326,2024-08-20,Action,Mobile,105,3
50636,1322,2024-06-06,Horror,Smart TV,64,4
50354,1077,2024-05-24,Horror,Mobile,77,5
52232,1274,2024-01-24,Drama,Laptop,75,5
52809,1514,2024-06-05,Animation,Laptop,63,3
52616,1211,2024-02-19,Action,Laptop,34,4
50883,1063,2024-03-08,Documentary,Smart TV,33,3
53212,1189,2024-05-05,Drama,Laptop,64,4
51822,1595,2024-04-20,Comedy,Smart TV,5,5
53288,1097,2024-03-31,Comedy,Smart TV,86,4
52397,1263,2024-07-18,Animation,Mobile,83,5
54625,1144,2024-02-13,Romance,Mobile,37,5
50693,1392,2024-01-17,Series,Smart TV,82,3
50103,1433,2024-06-28,Documentary,Laptop,63,2
51543,1293,2024-01-28,Drama,Laptop,37,5
52018,1172,2024-04-15,Drama,Smart TV,5,3
50207,1397,2024-07-24,Animation,Smart TV,64,4
53955,1410,2024-04-03,Comedy,Smart TV,82,4
50948,1406,2024-04-07,Action,Smart TV,86,3
50408,1075,2024-07-21,Horror,Mobile,62,3
50086,1145,2024-02-22,Horror,Mobile,68,5
53748,1462,2024-01-02,Series,Mobile,70,3
53442,1014,2024-06-22,Documentary,Smart TV,78,4
53465,1158,2024-04-05,Documentary,Smart TV,58,4
51706,1428,2024-03-19,Horror,Laptop,36,5
50625,1355,2024-03-25,Animation,Smart TV,110,5
50225,1394,2024-03-03,Comedy,Laptop,61,5
52358,1135,2024-06-20,Series,Mobile,46,5
54858,1379,2024-02-14,Drama,Mobile,33,2
52414,1398,2024-02-21,Documentary,Tablet,33,4
50226,1291,2024-07-08,Comedy,Smart TV,67,5
50890,1260,2024-05-20,Animation,Laptop,94,4
52368,1549,2024-01-27,Animation,Smart TV,48,5
52419,1430,2024-02-07,Series,Smart TV,16,2
51992,1176,2024-08-03,Comedy,Laptop,56,3
53616,1147,2024-08-15,Documentary,Mobile,83,4
54739,1010,2024-02-02,Animation,Tablet,10,5
53755,1362,2024-02-19,Series,Smart TV,27,4
54224,1244,2024-08-15,Horror,Smart TV,54,3
54938,1093,2024-03-01,Drama,Smart TV,60,5
52184,1208,2024-05-18,Documentary,Smart TV,94,5
50399,1478,2024-01-12,Comedy,Laptop,24,5
52105,1354,2024-06-23,Documentary,Smart TV,63,4
50338,1148,2024-01-06,Drama,Mobile,46,4
54335,1350,2024-03-06,Drama,Laptop,87,4
52049,1238,2024-07-03,Comedy,Mobile,22,4
50042,1119,2024-07-17,Drama,Smart TV,59,4
51020,1238,2024-08-28,Romance,Mobile,26,4
51879,1115,2024-07-27,Romance,Smart TV,76,4
53516,1278,2024-03-12,Documentary,Smart TV,61,4
51549,1297,2024-03-24,Action,Smart TV,59,2
51906,1260,2024-07-21,Animation,Smart TV,99,4
54642,1241,2024-08-15,Series,Smart TV,61,4
53114,1434,2024-05-22,Romance,Tablet,50,1
52819,1292,2024-04-27,Comedy,Smart TV,5,4
52826,1259,2024-07-18,Drama,Mobile,40,4
51805,1528,2024-03-25,Horror,Smart TV,46,4
52027,1572,2024-02-01,Documentary,Smart TV,25,4
50516,1431,2024-08-02,Series,Laptop,56,2
52180,1438,2024-08-25,Horror,Smart TV,84,3
54160,1117,2024-03-06,Comedy,Smart TV,45,5
50514,1463,2024-03-31,Series,Smart TV,100,4
54611,1135,2024-04-09,Series,Mobile,35,5
54079,1136,2024-06-22,Documentary,Mobile,53,4
52312,1395,2024-04-06,Drama,Laptop,66,4
53854,1535,2024-06-14,Animation,Smart TV,50,4
50129,1573,2024-06-28,Romance,Smart TV,92,3
52179,1535,2024-02-09,Animation,Laptop,57,5
50464,1178,2024-04-29,Series,Laptop,46,5
53564,1328,2024-02-08,Documentary,Smart TV,70,3
50920,1424,2024-01-10,Action,Laptop,71,5
52646,1573,2024-05-06,Romance,Smart TV,91,4
53348,1230,2024-08-25,Series,Mobile,32,5
51878,1126,2024-01-24,Action,Smart TV,44,5
53045,1113,2024-06-18,Action,Smart TV,28,4
50906,1058,2024-03-13,Animation,Laptop,73,5
50712,1344,2024-08-24,Series,Tablet,64,5
54399,1596,2024-07-23,Horror,Mobile,41,4
50250,1572,2024-06-23,Action,Mobile,67,3
50531,1242,2024-05-16,Action,Smart TV,37,5
52518,1230,2024-03-07,Series,Smart TV,32,5
54309,1475,2024-02-26,Horror,Laptop,37,4
54978,1367,2024-05-12,Animation,Tablet,86,5
51546,1393,2024-06-26,Series,Mobile,50,5
50856,1146,2024-08-05,Drama,Laptop,57,4
52903,1550,2024-01-23,Romance,Laptop,36,4
50629,1060,2024-04-01,Romance,Laptop,34,4
54738,1110,2024-05-24,Series,Tablet,18,4
52781,1245,2024-06-05,Comedy,Smart TV,50,4
53909,1532,2024-07-08,Animation,Mobile,69,4
51017,1236,2024-08-28,Romance,Smart TV,64,5
52787,1449,2024-05-12,Action,Smart TV,84,2
51149,1509,2024-04-27,Documentary,Mobile,55,5
50756,1497,2024-07-13,Comedy,Laptop,69,5
50888,1403,2024-03-30,Series,Smart TV,55,4
52197,1557,2024-08-22,Animation,Smart TV,84,5
53467,1178,2024-07-26,Romance,Smart TV,30,5
54164,1218,2024-03-24,Drama,Smart TV,33,4
50074,1537,2024-01-14,Series,Laptop,54,4
51306,1370,2024-08-02,Romance,Mobile,29,4
52069,1189,2024-05-06,Romance,Laptop,18,3
53282,1362,2024-08-04,Series,Laptop,121,4
51471,1353,2024-06-28,Series,Laptop,51,4
53913,1342,2024-07-11,Action,Mobile,103,5
52162,1421,2024-04-16,Documentary,Smart TV,28,4
50262,1533,2024-02-08,Comedy,Mobile,64,2
51851,1197,2024-08-26,Animation,Mobile,62,4
50398,1042,2024-07-02,Drama,Mobile,47,3
52979,1524,2024-02-26,Drama,Tablet,89,4
50102,1018,2024-03-02,Action,Tablet,89,1
52600,1248,2024-08-06,Comedy,Smart TV,33,4
51797,1492,2024-05-29,Horror,Mobile,75,4
50803,1136,2024-02-15,Action,Mobile,30,4
50553,1193,2024-07-21,Action,Smart TV,81,5
54721,1510,2024-01-07,Romance,Smart TV,35,3
53829,1585,2024-07-07,Documentary,Smart TV,28,5
52167,1444,2024-07-17,Animation,Smart TV,93,3
51988,1346,2024-07-17,Series,Mobile,43,4
54902,1311,2024-07-24,Series,Mobile,17,3
54297,1051,2024-02-07,Action,Smart TV,105,5
51900,1430,2024-05-30,Comedy,Smart TV,45,3
54048,1345,2024-01-16,Comedy,Smart TV,46,4
52231,1552,2024-01-25,Drama,Smart TV,64,5
52264,1100,2024-02-09,Horror,Laptop,14,5
54995,1509,2024-06-28,Documentary,Mobile,30,4
52208,1552,2024-03-18,Animation,Mobile,59,3
53506,1171,2024-01-17,Drama,Tablet,47,5
52203,1549,2024-02-03,Action,Laptop,103,4
51036,1004,2024-07-25,Romance,Laptop,20,5
54468,1462,2024-08-24,Action,Smart TV,82,4
51443,1086,2024-01-21,Animation,Smart TV,62,3
51971,1568,2024-08-13,Horror,Laptop,56,5
54675,1540,2024-02-27,Comedy,Laptop,81,1
51678,1151,2024-03-10,Romance,Tablet,35,5
53323,1136,2024-03-30,Drama,Laptop,46,2
53407,1531,2024-01-18,Series,Mobile,74,3
53267,1296,2024-08-25,Horror,Smart TV,45,1
50752,1525,2024-06-22,Drama,Tablet,87,5
53573,1216,2024-04-28,Comedy,Smart TV,132,4
51773,1227,2024-07-21,Documentary,Smart TV,17,5
52239,1205,2024-02-13,Documentary,Mobile,65,5
54234,1182,2024-07-14,Animation,Smart TV,44,4
52357,1122,2024-07-13,Drama,Smart TV,70,5
50174,1079,2024-01-20,Romance,Smart TV,38,4
50571,1580,2024-04-17,Action,Mobile,69,2
50982,1468,2024-03-20,Romance,Laptop,72,5
52992,1154,2024-08-26,Animation,Laptop,45,5
50371,1490,2024-02-28,Documentary,Smart TV,41,4
52104,1293,2024-03-19,Documentary,Tablet,85,5
50972,1469,2024-02-02,Romance,Tablet,42,4
50832,1527,2024-06-07,Drama,Smart TV,45,5
52576,1481,2024-06-19,Romance,Laptop,71,3
54848,1387,2024-03-02,Series,Mobile,41,3
51905,1202,2024-07-01,Action,Laptop,21,5
51427,1165,2024-03-17,Romance,Laptop,37,4
50186,1262,2024-06-05,Documentary,Laptop,64,4
51463,1189,2024-03-07,Action,Smart TV,34,5
54026,1578,2024-07-15,Documentary,Tablet,89,4
51082,1226,2024-03-12,Drama,Mobile,40,4
53763,1246,2024-04-30,Animation,Laptop,30,2
51679,1525,2024-08-23,Action,Smart TV,59,4
52691,1542,2024-01-28,Action,Smart TV,84,4
53633,1433,2024-06-13,Comedy,Smart TV,97,5
53910,1593,2024-02-10,Animation,Mobile,71,4
54328,1157,2024-03-15,Comedy,Mobile,67,4
50188,1287,2024-03-26,Series,Laptop,90,4
50455,1154,2024-01-11,Horror,Mobile,92,3
52636,1498,2024-06-28,Drama,Mobile,21,2
51644,1144,2024-06-04,Documentary,Laptop,56,5
51285,1204,2024-01-21,Action,Smart TV,32,4
51717,1398,2024-07-09,Action,Smart TV,36,5
54792,1217,2024-06-22,Series,Mobile,26,3
53793,1045,2024-03-04,Series,Smart TV,80,4
54649,1158,2024-06-15,Documentary,Smart TV,26,5
50619,1569,2024-05-15,Series,Smart TV,68,4
51954,1068,2024-08-01,Series,Mobile,8,3
54430,1398,2024-04-29,Series,Laptop,17,4
50713,1596,2024-06-26,Romance,Smart TV,79,4
52038,1568,2024-02-20,Series,Laptop,52,4
50933,1025,2024-03-29,Romance,Smart TV,74,5
51746,1355,2024-01-14,Action,Smart TV,114,5
52601,1308,2024-01-29,Comedy,Laptop,69,4
51203,1086,2024-07-18,Animation,Laptop,5,4
50439,1478,2024-07-13,Series,Mobile,54,3
54255,1090,2024-07-31,Documentary,Laptop,30,5
50729,1038,2024-05-28,Romance,Mobile,47,3
54169,1095,2024-08-01,Animation,Laptop,13,4
53945,1456,2024-03-02,Action,Mobile,88,4
54529,1068,2024-06-22,Drama,Smart TV,49,3
52540,1554,2024-06-22,Action,Mobile,11,4
50905,1239,2024-02-06,Series,Mobile,66,3
50863,1227,2024-02-06,Action,Laptop,50,3
51813,1580,2024-08-07,Horror,Laptop,81,5
53139,1300,2024-03-15,Action,Laptop,39,4
54326,1156,2024-06-05,Romance,Laptop,45,4
51798,1199,2024-05-20,Comedy,Tablet,77,4
54495,1595,2024-05-04,Documentary,Smart TV,10,5
52727,1237,2024-02-19,Horror,Tablet,95,4
54583,1178,2024-08-10,Horror,Mobile,20,4
50097,1120,2024-04-19,Horror,Smart TV,20,4
53077,1074,2024-02-29,Drama,Laptop,26,5
54353,1038,2024-02-13,Series,Mobile,81,4
54378,1536,2024-04-20,Romance,Laptop,48,3
52671,1190,2024-05-02,Horror,Smart TV,153,4
53055,1095,2024-04-21,Action,Mobile,35,5
52511,1092,2024-07-04,Drama,Mobile,92,5
52843,1301,2024-06-18,Drama,Laptop,79,4
54889,1457,2024-08-28,Comedy,Mobile,65,4
54212,1126,2024-04-16,Animation,Laptop,13,3
50417,1494,2024-05-04,Drama,Mobile,31,4
50059,1161,2024-02-07,Romance,Mobile,49,4
51734,1086,2024-02-20,Series,Mobile,15,3
51955,1337,2024-06-24,Documentary,Smart TV,66,5
54542,1410,2024-01-10,Documentary,Laptop,61,4
51185,1143,2024-04-04,Comedy,Mobile,87,4
51210,1143,2024-06-01,Horror,Laptop,40,2
54550,1093,2024-01-30,Animation,Smart TV,81,4
50652,1274,2024-04-08,Animation,Mobile,5,4
50487,1479,2024-05-21,Documentary,Laptop,86,4
52210,1548,2024-06-12,Horror,Laptop,42,5
52175,1381,2024-01-19,Romance,Laptop,31,4
50610,1162,2024-02-17,Animation,Tablet,84,5
52151,1313,2024-08-02,Action,Mobile,77,2
52783,1537,2024-05-01,Animation,Laptop,55,3
53917,1133,2024-08-08,Horror,Laptop,43,2
51186,1030,2024-03-21,Romance,Mobile,88,5
52437,1055,2024-02-03,Romance,Mobile,13,3
50189,1454,2024-05-10,Documentary,Mobile,67,1
52088,1414,2024-03-25,Romance,Laptop,16,5
52051,1236,2024-01-14,Romance,Smart TV,116,4
50635,1328,2024-01-11,Series,Tablet,35,3
50467,1149,2024-03-31,Comedy,Tablet,68,3
50136,1108,2024-06-13,Animation,Mobile,73,5
50915,1132,2024-06-01,Animation,Tablet,51,5
52953,1560,2024-01-25,Horror,Laptop,46,1
51658,1323,2024-03-29,Series,Laptop,70,5
51692,1255,2024-05-10,Animation,Tablet,49,5
52487,1007,2024-01-24,Animation,Smart TV,31,4
52221,1096,2024-02-14,Animation,Mobile,49,5
50344,1192,2024-02-16,Drama,Smart TV,12,3
52230,1350,2024-02-29,Series,Smart TV,58,3
54565,1246,2024-07-16,Series,Smart TV,53,5
50066,1176,2024-01-07,Animation,Smart TV,26,4
54693,1498,2024-01-03,Horror,Mobile,45,3
53774,1516,2024-08-01,Animation,Laptop,63,4
50381,1321,2024-08-25,Documentary,Smart TV,59,5
53975,1254,2024-07-22,Drama,Tablet,44,5
54774,1098,2024-05-15,Romance,Laptop,57,5
54484,1579,2024-02-15,Romance,Laptop,92,5
51333,1458,2024-07-11,Documentary,Mobile,64,5
54697,1083,2024-03-05,Documentary,Mobile,35,5
53092,1223,2024-04-30,Horror,Tablet,26,4
51620,1341,2024-07-17,Comedy,Smart TV,59,5
50478,1047,2024-03-06,Animation,Mobile,47,5
54092,1599,2024-04-25,Drama,Mobile,50,4
51619,1523,2024-06-08,Animation,Smart TV,66,3
54339,1421,2024-01-16,Action,Tablet,5,4
54816,1510,2024-07-31,Action,Laptop,97,4
51019,1087,2024-02-01,Action,Smart TV,65,3
51963,1286,2024-07-13,Documentary,Smart TV,10,4
53261,1047,2024-06-05,Series,Smart TV,52,5
54081,1022,2024-01-31,Documentary,Smart TV,42,5
52541,1491,2024-04-18,Action,Mobile,36,1
51016,1541,2024-05-06,Romance,Smart TV,62,4
53313,1175,2024-01-24,Animation,Mobile,22,4
50804,1110,2024-07-14,Animation,Laptop,65,3
54637,1026,2024-04-23,Drama,Laptop,32,3
54418,1422,2024-06-13,Documentary,Mobile,50,5
53891,1385,2024-07-23,Series,Tablet,87,5
52562,1061,2024-03-16,Romance,Laptop,67,5
50774,1540,2024-06-05,Drama,Smart TV,94,5
50925,1232,2024-02-09,Drama,Mobile,48,3
52499,1343,2024-02-05,Comedy,Mobile,79,4
53773,1171,2024-06-22,Drama,Smart TV,103,4
51802,1014,2024-02-22,Drama,Laptop,63,2
53656,1343,2024-04-14,Drama,Mobile,25,3
54307,1100,2024-06-06,Comedy,Laptop,23,5
50730,1148,2024-04-17,Documentary,Laptop,36,5
54639,1073,2024-01-10,Drama,Mobile,77,5
53637,1114,2024-05-24,Series,Smart TV,47,5
53004,1339,2024-07-09,Action,Smart TV,61,3
50024,1318,2024-05-01,Series,Smart TV,28,5
54855,1180,2024-04-18,Comedy,Tablet,37,5
54844,1333,2024-04-18,Drama,Smart TV,25,5
54892,1051,2024-02-15,Action,Laptop,55,5
53766,1145,2024-07-04,Action,Laptop,103,4
53621,1216,2024-02-09,Series,Tablet,56,3
52538,1108,2024-08-17,Romance,Smart TV,65,5
51925,1535,2024-02-28,Action,Smart TV,71,3
50337,1353,2024-07-08,Drama,Mobile,52,1
50077,1263,2024-03-03,Series,Smart TV,66,5
54990,1513,2024-07-20,Animation,Mobile,29,4
52618,1443,2024-07-22,Romance,Tablet,33,5
53635,1366,2024-05-25,Animation,Smart TV,52,5
52571,1583,2024-04-03,Horror,Smart TV,75,3
50448,1542,2024-05-26,Action,Mobile,135,4
52333,1501,2024-08-18,Horror,Mobile,34,4
54695,1205,2024-06-08,Series,Laptop,90,5
54523,1568,2024-03-21,Horror,Tablet,68,4
50149,1583,2024-04-01,Action,Smart TV,37,2
53714,1052,2024-02-12,Drama,Smart TV,63,5
52759,1136,2024-04-24,Drama,Smart TV,51,4
53239,1558,2024-08-11,Horror,Laptop,70,3
51783,1453,2024-04-04,Action,Laptop,46,5
50243,1190,2024-08-18,Horror,Smart TV,73,3
51959,1398,2024-05-26,Horror,Mobile,50,4
54638,1111,2024-01-30,Series,Laptop,11,5
54769,1318,2024-04-22,Comedy,Smart TV,95,2
50358,1393,2024-03-05,Documentary,Smart TV,58,4
53600,1600,2024-06-18,Documentary,Laptop,10,1
50251,1208,2024-03-16,Horror,Laptop,91,5
54044,1117,2024-02-16,Action,Mobile,90,5
50064,1310,2024-02-23,Comedy,Laptop,31,4
53431,1182,2024-01-25,Horror,Mobile,77,3
51121,1096,2024-03-10,Drama,Tablet,15,4
54955,1390,2024-03-07,Horror,Tablet,46,5
53703,1120,2024-05-15,Comedy,Laptop,72,3
50667,1373,2024-04-24,Animation,Tablet,5,4
51118,1013,2024-05-31,Documentary,Smart TV,25,4
51699,1362,2024-07-25,Series,Mobile,63,4
52676,1004,2024-06-23,Series,Smart TV,56,4
52705,1545,2024-06-07,Comedy,Laptop,80,5
52108,1106,2024-02-25,Series,Laptop,59,5
50297,1166,2024-01-01,Documentary,Laptop,26,5
51197,1184,2024-08-26,Comedy,Smart TV,20,4
53215,1331,2024-06-20,Romance,Smart TV,39,5
50684,1226,2024-01-20,Romance,Smart TV,54,5
54610,1334,2024-05-07,Series,Smart TV,58,3
51848,1556,2024-02-08,Action,Mobile,50,4
53406,1086,2024-08-27,Romance,Laptop,49,4
53324,1357,2024-07-10,Animation,Mobile,52,5
52384,1407,2024-04-21,Animation,Laptop,92,4
54148,1497,2024-03-07,Horror,Smart TV,102,5
53233,1416,2024-04-30,Horror,Laptop,72,4
54991,1344,2024-01-28,Horror,Mobile,72,3
51456,1522,2024-07-12,Horror,Tablet,27,4
53436,1515,2024-05-20,Comedy,Smart TV,5,4
51562,1381,2024-02-21,Horror,Laptop,61,5
50507,1320,2024-02-09,Documentary,Smart TV,87,4
52479,1078,2024-02-24,Horror,Smart TV,38,5
50911,1586,2024-04-29,Horror,Mobile,52,3
50995,1182,2024-02-26,Horror,Laptop,53,5
52986,1313,2024-01-01,Series,Mobile,28,4
53509,1198,2024-07-15,Comedy,Laptop,103,4
54882,1151,2024-07-22,Romance,Laptop,75,5
51252,1134,2024-05-28,Drama,Smart TV,96,4
54461,1444,2024-07-05,Comedy,Mobile,40,5
52720,1475,2024-08-19,Documentary,Mobile,62,4
54390,1440,2024-02-11,Action,Laptop,90,5
54835,1531,2024-03-30,Comedy,Tablet,81,4
50164,1182,2024-07-16,Drama,Mobile,27,4
52846,1280,2024-01-25,Comedy,Smart TV,39,4
50216,1495,2024-03-24,Romance,Smart TV,59,4
50745,1139,2024-06-02,Horror,Laptop,95,5
51519,1146,2024-07-27,Comedy,Mobile,56,4
51348,1508,2024-02-25,Drama,Laptop,93,5
53145,1582,2024-04-30,Comedy,Smart TV,49,5
54530,1367,2024-06-28,Action,Tablet,51,4
51505,1122,2024-04-15,Comedy,Laptop,85,3
51239,1442,2024-02-03,Animation,Laptop,17,4
54776,1546,2024-07-04,Animation,Mobile,30,4
52919,1553,2024-07-11,Series,Laptop,74,4
51304,1234,2024-07-06,Series,Smart TV,35,5
50750,1300,2024-01-17,Drama,Tablet,9,4
51764,1461,2024-06-25,Horror,Mobile,114,5
54071,1331,2024-03-24,Action,Smart TV,44,5
54546,1024,2024-07-07,Romance,Mobile,72,3
54132,1264,2024-05-16,Drama,Smart TV,61,4
54685,1278,2024-04-06,Horror,Laptop,54,5
50197,1363,2024-04-16,Action,Tablet,50,4
50393,1097,2024-06-28,Romance,Smart TV,53,3
53648,1409,2024-06-06,Drama,Smart TV,110,4
52954,1538,2024-03-15,Romance,Mobile,41,1
53814,1426,2024-06-10,Horror,Laptop,69,1
54836,1368,2024-04-02,Romance,Smart TV,52,4
54549,1162,2024-01-04,Horror,Mobile,59,4
53757,1292,2024-02-28,Horror,Tablet,5,1
50497,1176,2024-02-07,Comedy,Mobile,79,4
52307,1573,2024-01-16,Animation,Smart TV,39,4
53918,1371,2024-07-17,Action,Mobile,71,4
54755,1230,2024-01-07,Romance,Smart TV,54,4
53878,1229,2024-04-17,Animation,Mobile,6,5
53662,1208,2024-04-08,Documentary,Laptop,47,4
54004,1036,2024-03-04,Comedy,Laptop,56,4
52504,1497,2024-08-02,Horror,Smart TV,62,4
52904,1499,2024-06-02,Action,Smart TV,22,3
53510,1371,2024-05-26,Series,Mobile,96,5
54459,1255,2024-07-19,Drama,Smart TV,39,4
52205,1458,2024-05-08,Animation,Laptop,52,4
51011,1277,2024-03-08,Series,Mobile,60,2
50762,1518,2024-01-26,Horror,Tablet,56,4
51466,1545,2024-04-08,Animation,Laptop,34,4
52818,1562,2024-03-21,Horror,Mobile,41,3
50413,1486,2024-08-05,Romance,Laptop,82,3
52252,1357,2024-04-17,Comedy,Smart TV,36,4
53685,1083,2024-01-23,Action,Mobile,57,1
53672,1141,2024-03-31,Comedy,Mobile,51,3
51101,1525,2024-01-19,Documentary,Smart TV,46,4
53314,1158,2024-01-15,Action,Smart TV,43,4
51739,1060,2024-06-22,Series,Smart TV,50,5
53732,1088,2024-01-07,Animation,Tablet,75,4
50033,1066,2024-06-27,Horror,Smart TV,58,5
54777,1225,2024-07-22,Horror,Laptop,89,3
50273,1343,2024-01-17,Romance,Smart TV,29,5
54038,1576,2024-08-21,Animation,Smart TV,42,3
53269,1461,2024-04-10,Romance,Laptop,36,4
52728,1024,2024-03-22,Action,Tablet,95,3
50928,1374,2024-04-16,Series,Mobile,67,1
53464,1256,2024-07-23,Action,Mobile,53,3
50770,1355,2024-02-27,Romance,Tablet,71,4
51591,1040,2024-04-09,Drama,Laptop,11,1
54216,1362,2024-01-12,Animation,Smart TV,52,5
52533,1320,2024-07-20,Drama,Mobile,34,3
52878,1529,2024-03-19,Drama,Tablet,39,5
52393,1406,2024-05-01,Drama,Laptop,111,4
54286,1526,2024-05-25,Animation,Smart TV,49,4
50574,1361,2024-08-13,Horror,Smart TV,10,3
51893,1386,2024-05-27,Animation,Smart TV,6,5
51292,1147,2024-05-10,Series,Laptop,43,2
50153,1266,2024-07-28,Action,Smart TV,25,4
54795,1498,2024-02-03,Comedy,Mobile,38,3
52005,1381,2024-04-01,Documentary,Smart TV,119,5
54951,1521,2024-01-10,Animation,Mobile,96,5
51788,1022,2024-03-13,Documentary,Smart TV,63,5
54293,1414,2024-06-27,Comedy,Smart TV,19,5
54935,1544,2024-07-11,Action,Smart TV,70,5
51119,1287,2024-02-12,Series,Laptop,27,4
54689,1283,2024-02-01,Comedy,Mobile,29,3
51093,1382,2024-04-04,Action,Smart TV,74,4
54684,1258,2024-03-22,Comedy,Tablet,52,4
54757,1257,2024-02-12,Animation,Mobile,21,2
54497,1098,2024-05-07,Action,Mobile,50,2
50148,1265,2024-01-01,Documentary,Mobile,40,4
53131,1399,2024-08-09,Horror,Mobile,93,4
51105,1414,2024-05-18,Series,Mobile,38,3
52952,1427,2024-06-02,Series,Mobile,28,5
50299,1585,2024-01-17,Horror,Smart TV,76,4
52266,1088,2024-04-24,Documentary,Laptop,89,3
51450,1307,2024-02-08,Series,Smart TV,55,5
50740,1135,2024-01-06,Comedy,Smart TV,31,3
52827,1489,2024-02-19,Action,Laptop,68,4
52543,1600,2024-05-19,Horror,Smart TV,59,4
51345,1555,2024-07-02,Documentary,Smart TV,29,4
51785,1427,2024-06-08,Romance,Tablet,95,4
52375,1450,2024-02-26,Romance,Laptop,84,4
53221,1255,2024-05-02,Documentary,Smart TV,58,4
51745,1064,2024-02-17,Animation,Mobile,66,5
54077,1521,2024-02-20,Series,Mobile,112,4
54831,1447,2024-01-24,Series,Smart TV,55,5
52254,1584,2024-07-23,Romance,Laptop,81,4
51359,1327,2024-04-13,Series,Laptop,52,5
52630,1554,2024-02-24,Documentary,Smart TV,73,4
50914,1569,2024-06-04,Action,Tablet,66,4
51256,1114,2024-01-26,Horror,Smart TV,11,5
52534,1484,2024-01-01,Romance,Smart TV,55,5
50363,1302,2024-08-14,Series,Tablet,62,4
51222,1098,2024-02-15,Action,Mobile,79,4
50180,1469,2024-03-03,Horror,Mobile,53,4
51534,1067,2024-01-08,Horror,Tablet,41,5
53169,1596,2024-04-04,Horror,Mobile,45,1
52173,1026,2024-01-27,Documentary,Laptop,111,4
53060,1417,2024-02-07,Drama,Smart TV,5,3
50897,1485,2024-05-14,Series,Tablet,76,4
50851,1381,2024-04-24,Romance,Laptop,35,5
52659,1372,2024-06-30,Comedy,Mobile,49,4
51791,1316,2024-07-26,Animation,Laptop,41,4
51028,1341,2024-05-09,Documentary,Laptop,53,4
54105,1332,2024-05-27,Animation,Smart TV,44,5
51237,1280,2024-06-19,Action,Smart TV,49,4
50699,1205,2024-08-04,Romance,Smart TV,65,3
52273,1488,2024-04-04,Animation,Laptop,63,4
54833,1033,2024-06-15,Horror,Mobile,74,4
51838,1298,2024-04-04,Animation,Smart TV,89,4
50081,1017,2024-01-12,Comedy,Tablet,88,4
51892,1435,2024-04-05,Action,Laptop,25,5
53871,1353,2024-04-11,Documentary,Laptop,60,2
52045,1428,2024-04-05,Documentary,Tablet,83,4
50301,1484,2024-06-09,Comedy,Smart TV,70,4
52337,1196,2024-01-11,Documentary,Laptop,71,5
50289,1541,2024-07-18,Action,Mobile,26,5
52866,1330,2024-05-06,Documentary,Smart TV,73,4
53741,1122,2024-01-09,Action,Laptop,99,5
52744,1451,2024-04-04,Series,Smart TV,103,4
53237,1021,2024-04-21,Comedy,Tablet,7,2
50360,1485,2024-07-10,Horror,Mobile,15,5
52805,1072,2024-08-28,Action,Tablet,28,4
54933,1147,2024-04-17,Comedy,Smart TV,30,5
54724,1289,2024-03-16,Action,Mobile,36,2
53243,1200,2024-04-24,Romance,Smart TV,46,3
54901,1364,2024-06-01,Romance,Mobile,89,5
50132,1320,2024-07-04,Action,Tablet,115,4
51966,1426,2024-04-04,Series,Smart TV,58,5
54652,1574,2024-08-11,Action,Smart TV,73,5
54973,1530,2024-05-19,Horror,Tablet,21,5
51144,1134,2024-04-07,Drama,Smart TV,74,3
51171,1085,2024-07-18,Series,Laptop,92,5
50247,1594,2024-06-10,Comedy,Smart TV,15,5
51919,1193,2024-01-04,Animation,Tablet,45,4
52892,1561,2024-04-08,Action,Mobile,99,4
50453,1015,2024-03-12,Comedy,Mobile,45,5
52505,1059,2024-02-06,Action,Tablet,57,5
54012,1538,2024-04-09,Documentary,Mobile,61,5
53386,1082,2024-06-20,Documentary,Smart TV,100,4
53392,1280,2024-04-25,Documentary,Tablet,46,4
52048,1485,2024-02-20,Drama,Mobile,22,5
53186,1111,2024-08-24,Horror,Smart TV,56,5
54087,1535,2024-01-26,Horror,Laptop,52,5
52042,1259,2024-08-09,Comedy,Laptop,51,4
51303,1108,2024-08-08,Horror,Mobile,76,4
53365,1427,2024-06-06,Documentary,Laptop,16,3
54997,1535,2024-07-25,Horror,Laptop,82,3
50968,1141,2024-02-21,Comedy,Mobile,96,4
50867,1212,2024-03-14,Romance,Mobile,37,2
51340,1418,2024-05-10,Documentary,Laptop,60,4
53268,1005,2024-07-29,Series,Laptop,50,2
51468,1379,2024-03-01,Series,Tablet,40,4
50967,1527,2024-01-15,Comedy,Laptop,54,5
52136,1106,2024-08-04,Documentary,Mobile,72,4
50011,1072,2024-04-27,Animation,Mobile,54,5
52015,1073,2024-01-12,Romance,Mobile,70,5
51015,1252,2024-06-08,Animation,Smart TV,52,5
50821,1590,2024-03-27,Comedy,Mobile,72,4
54250,1482,2024-03-25,Documentary,Smart TV,70,5
52168,1256,2024-01-28,Drama,Laptop,53,4
52855,1271,2024-08-01,Animation,Mobile,76,4
52382,1217,2024-05-23,Series,Laptop,78,4
53316,1485,2024-07-11,Romance,Tablet,18,5
53938,1339,2024-06-24,Comedy,Mobile,80,5
53199,1362,2024-03-16,Animation,Smart TV,67,2
51123,1584,2024-08-10,Drama,Laptop,63,5
52761,1334,2024-01-18,Action,Mobile,51,4
51617,1128,2024-03-24,Romance,Mobile,47,4
50447,1338,2024-06-03,Series,Laptop,64,4
54895,1573,2024-05-21,Drama,Laptop,90,4
52810,1582,2024-01-03,Romance,Smart TV,75,5
53478,1523,2024-08-24,Horror,Mobile,83,5
51390,1259,2024-08-11,Action,Mobile,5,3
53141,1146,2024-03-26,Animation,Smart TV,68,5
51037,1145,2024-07-05,Drama,Smart TV,73,5
54720,1071,2024-06-11,Documentary,Laptop,62,3
50579,1371,2024-08-05,Drama,Laptop,93,4
50782,1553,2024-02-08,Animation,Laptop,78,4
52770,1080,2024-06-04,Action,Laptop,14,5
54773,1302,2024-08-19,Action,Smart TV,64,2
51267,1138,2024-08-24,Romance,Laptop,39,5
53569,1270,2024-07-20,Animation,Tablet,78,4
53591,1482,2024-01-06,Action,Laptop,63,4
51863,1594,2024-01-21,Comedy,Laptop,5,4
50010,1213,2024-07-07,Romance,Laptop,54,5
50801,1253,2024-03-27,Action,Smart TV,81,4
54821,1285,2024-03-16,Drama,Smart TV,25,4
52949,1009,2024-01-17,Animation,Mobile,30,4
54728,1080,2024-03-29,Series,Smart TV,11,4
50702,1550,2024-06-18,Animation,Tablet,12,4
51045,1059,2024-08-02,Series,Laptop,47,4
52079,1532,2024-04-03,Comedy,Smart TV,35,3
51982,1347,2024-03-05,Comedy,Smart TV,27,1
51462,1170,2024-07-10,Documentary,Smart TV,66,4
51765,1581,2024-05-19,Comedy,Smart TV,55,5
52657,1324,2024-02-02,Comedy,Smart TV,72,4
50324,1419,2024-05-07,Series,Smart TV,57,5
53572,1352,2024-07-12,Series,Smart TV,43,5
51688,1133,2024-06-13,Horror,Laptop,5,1
54668,1015,2024-05-22,Drama,Tablet,63,4
53953,1153,2024-05-10,Romance,Laptop,78,4
52452,1599,2024-07-29,Comedy,Smart TV,5,4
51819,1219,2024-05-08,Drama,Mobile,64,4
50431,1047,2024-07-20,Horror,Laptop,26,2
52848,1521,2024-08-05,Comedy,Smart TV,63,4
54060,1525,2024-04-11,Romance,Smart TV,51,5
52656,1507,2024-02-09,Series,Smart TV,17,3
54778,1220,2024-08-01,Documentary,Mobile,72,3
51444,1559,2024-01-30,Drama,Laptop,53,4
52841,1562,2024-04-03,Comedy,Smart TV,26,5
54321,1508,2024-07-18,Drama,Tablet,48,5
50517,1473,2024-03-13,Action,Laptop,62,4
53140,1334,2024-04-03,Comedy,Laptop,17,4
51984,1490,2024-06-16,Animation,Mobile,71,4
50272,1276,2024-07-26,Action,Smart TV,40,5
54609,1248,2024-05-10,Documentary,Smart TV,65,3
50572,1501,2024-06-21,Documentary,Smart TV,39,4
51849,1330,2024-01-19,Animation,Laptop,43,5
52428,1519,2024-06-25,Animation,Mobile,67,4
54195,1360,2024-04-20,Animation,Tablet,66,4
50568,1073,2024-07-07,Animation,Smart TV,68,3
52134,1568,2024-07-08,Comedy,Laptop,78,4
53673,1163,2024-05-30,Horror,Laptop,28,4
51455,1208,2024-05-29,Series,Smart TV,29,4
52906,1551,2024-05-13,Series,Mobile,58,3
53332,1561,2024-06-21,Action,Mobile,8,1
51212,1067,2024-07-14,Series,Laptop,27,3
50265,1154,2024-03-08,Romance,Mobile,43,3
53032,1562,2024-07-25,Horror,Mobile,48,4
50847,1372,2024-01-08,Comedy,Smart TV,7,5
51775,1339,2024-05-18,Horror,Laptop,90,5
54994,1535,2024-01-03,Documentary,Smart TV,23,2
51240,1347,2024-02-08,Documentary,Mobile,64,1
51078,1389,2024-02-16,Horror,Smart TV,55,5
54561,1391,2024-06-02,Romance,Smart TV,38,4
51934,1112,2024-08-09,Documentary,Mobile,63,1
51087,1229,2024-06-08,Documentary,Smart TV,86,4
51640,1117,2024-03-25,Animation,Laptop,5,4
51948,1108,2024-01-26,Documentary,Smart TV,5,1
54095,1004,2024-08-19,Horror,Smart TV,26,4
52634,1567,2024-08-18,Romance,Mobile,60,5
53001,1018,2024-02-02,Animation,Laptop,48,2
52844,1441,2024-07-11,Romance,Mobile,52,5
51545,1529,2024-07-24,Animation,Laptop,32,4
50695,1517,2024-03-12,Action,Laptop,101,3
51980,1345,2024-04-12,Drama,Smart TV,10,4
52290,1334,2024-02-13,Animation,Tablet,73,4
54150,1294,2024-03-14,Documentary,Smart TV,46,5
54734,1275,2024-08-09,Documentary,Mobile,53,3
54766,1529,2024-05-22,Comedy,Mobile,44,4
53821,1087,2024-07-07,Documentary,Mobile,55,2
54388,1572,2024-02-12,Horror,Mobile,113,5
52114,1306,2024-04-06,Action,Smart TV,100,5
50786,1259,2024-04-20,Documentary,Tablet,19,4
53400,1324,2024-08-03,Drama,Mobile,43,4
51371,1413,2024-03-12,Horror,Laptop,59,4
54627,1025,2024-03-16,Horror,Smart TV,58,4
53597,1087,2024-06-22,Documentary,Smart TV,47,4
53658,1163,2024-04-14,Comedy,Mobile,23,5
51128,1509,2024-01-24,Comedy,Smart TV,70,5
52702,1163,2024-08-14,Action,Smart TV,24,4
50403,1406,2024-07-06,Comedy,Smart TV,78,4
53469,1049,2024-01-01,Documentary,Mobile,33,4
52486,1304,2024-05-25,Series,Smart TV,78,5
52802,1388,2024-01-08,Animation,Laptop,65,4
50705,1372,2024-08-17,Horror,Laptop,97,4
53379,1505,2024-06-21,Drama,Smart TV,76,5
52434,1221,2024-08-22,Horror,Smart TV,13,5
50533,1268,2024-08-04,Horror,Mobile,66,5
53877,1342,2024-06-16,Series,Smart TV,99,5
52078,1171,2024-07-19,Series,Smart TV,5,5
54814,1196,2024-04-26,Action,Laptop,9,3
52485,1242,2024-03-09,Action,Smart TV,123,4
51220,1136,2024-07-27,Series,Laptop,55,5
50975,1179,2024-03-02,Romance,Smart TV,36,3
54069,1371,2024-02-15,Series,Tablet,70,2
54030,1235,2024-04-09,Romance,Smart TV,47,4
50347,1530,2024-08-21,Documentary,Laptop,31,3
52853,1168,2024-08-03,Action,Tablet,68,5
50523,1435,2024-05-22,Documentary,Mobile,18,4
51676,1053,2024-03-15,Drama,Laptop,115,5
54525,1199,2024-02-14,Romance,Tablet,76,5
53251,1110,2024-06-01,Animation,Laptop,32,4
50222,1514,2024-01-29,Animation,Tablet,20,4
54125,1540,2024-06-19,Romance,Mobile,33,4
50279,1580,2024-08-12,Comedy,Smart TV,43,4
51153,1435,2024-07-09,Action,Tablet,27,3
52204,1596,2024-05-16,Horror,Smart TV,72,5
54055,1343,2024-06-02,Animation,Mobile,30,5
52990,1054,2024-03-10,Romance,Laptop,63,4
53651,1524,2024-07-12,Documentary,Mobile,5,5
51091,1483,2024-05-21,Romance,Laptop,74,4
54410,1446,2024-03-09,Animation,Smart TV,43,5
50436,1213,2024-05-29,Comedy,Mobile,64,5
52192,1189,2024-02-07,Romance,Laptop,40,4
52881,1384,2024-02-10,Action,Tablet,58,4
53870,1304,2024-05-13,Series,Laptop,65,5
53602,1535,2024-02-03,Comedy,Smart TV,44,5
53499,1049,2024-08-14,Documentary,Tablet,10,4
51403,1258,2024-03-23,Series,Laptop,48,3
54133,1206,2024-02-06,Drama,Smart TV,37,4
50758,1043,2024-08-17,Animation,Tablet,49,5
51638,1489,2024-08-12,Comedy,Laptop,44,5
53796,1415,2024-07-10,Series,Smart TV,51,4
53096,1063,2024-07-30,Comedy,Mobile,5,3
53610,1600,2024-08-13,Series,Smart TV,32,4
52790,1117,2024-04-01,Series,Laptop,31,5
54466,1463,2024-08-24,Action,Mobile,53,4
52673,1562,2024-02-21,Drama,Mobile,48,2
52314,1496,2024-08-27,Romance,Smart TV,33,5
53815,1568,2024-03-13,Romance,Smart TV,54,4
52318,1262,2024-05-03,Drama,Tablet,57,5
54225,1039,2024-03-29,Series,Smart TV,79,5
53604,1510,2024-05-30,Drama,Laptop,69,4
54926,1420,2024-05-23,Animation,Laptop,69,5
54447,1260,2024-03-02,Documentary,Smart TV,104,4
52718,1302,2024-05-11,Animation,Mobile,10,4
54437,1313,2024-02-26,Comedy,Smart TV,117,4
54387,1517,2024-01-16,Comedy,Tablet,65,5
52423,1591,2024-07-31,Horror,Laptop,54,5
50937,1482,2024-07-13,Horror,Mobile,33,5
52181,1285,2024-08-16,Drama,Mobile,73,5
53929,1425,2024-08-25,Animation,Laptop,10,3
50509,1045,2024-03-07,Series,Smart TV,83,4
52669,1158,2024-01-26,Action,Tablet,56,5
53461,1595,2024-03-19,Action,Mobile,51,3
50541,1371,2024-02-11,Comedy,Smart TV,107,4
54961,1418,2024-03-16,Documentary,Laptop,43,5
50118,1035,2024-08-08,Animation,Tablet,52,4
52308,1535,2024-01-05,Romance,Smart TV,104,5
54037,1275,2024-01-31,Comedy,Smart TV,68,5
51654,1525,2024-08-18,Comedy,Laptop,99,4
53851,1461,2024-02-28,Animation,Tablet,52,4
53937,1024,2024-02-21,Comedy,Mobile,111,3
53813,1514,2024-07-26,Animation,Mobile,67,2
52074,1076,2024-07-12,Romance,Mobile,33,4
53607,1101,2024-01-19,Documentary,Laptop,74,5
50372,1169,2024-08-12,Romance,Smart TV,54,4
50880,1233,2024-04-11,Romance,Mobile,51,2
50691,1191,2024-01-03,Drama,Tablet,67,1
54213,1441,2024-01-21,Drama,Tablet,105,5
50374,1430,2024-05-10,Action,Smart TV,46,4
53154,1535,2024-01-25,Comedy,Smart TV,62,3
51742,1390,2024-01-27,Series,Laptop,5,3
52073,1256,2024-07-27,Documentary,Smart TV,35,4
52101,1031,2024-08-19,Action,Smart TV,40,2
51106,1173,2024-01-18,Drama,Mobile,78,5
52908,1158,2024-05-25,Romance,Laptop,26,5
53197,1088,2024-04-26,Comedy,Tablet,89,5
54130,1228,2024-02-19,Comedy,Laptop,91,4
54528,1050,2024-05-15,Series,Laptop,99,3
50519,1313,2024-04-26,Comedy,Tablet,83,4
51829,1481,2024-07-04,Animation,Laptop,54,5
50050,1518,2024-05-03,Action,Laptop,15,5
54745,1051,2024-02-25,Drama,Smart TV,49,2
51227,1517,2024-04-23,Horror,Smart TV,44,5
52821,1036,2024-05-01,Animation,Laptop,38,5
51302,1538,2024-05-30,Series,Smart TV,108,3
50961,1168,2024-01-10,Animation,Smart TV,37,2
51680,1312,2024-06-28,Action,Mobile,19,2
54807,1229,2024-03-17,Horror,Laptop,70,4
51436,1506,2024-07-13,Romance,Smart TV,75,3
53479,1140,2024-02-02,Drama,Mobile,26,3
50722,1300,2024-06-16,Documentary,Mobile,72,4
52506,1219,2024-06-16,Action,Smart TV,41,5
53397,1374,2024-07-01,Comedy,Mobile,45,4
52868,1550,2024-02-18,Action,Tablet,48,3
54477,1428,2024-08-20,Horror,Tablet,23,4
54241,1094,2024-01-07,Comedy,Mobile,73,5
54883,1239,2024-02-12,Action,Mobile,61,3
50899,1366,2024-08-10,Comedy,Smart TV,44,4
50454,1289,2024-05-29,Animation,Mobile,42,5
52752,1085,2024-08-25,Animation,Smart TV,51,5
54431,1253,2024-02-22,Animation,Mobile,43,4
51608,1535,2024-01-15,Romance,Laptop,91,5
52214,1312,2024-08-21,Comedy,Laptop,14,4
54671,1050,2024-05-07,Action,Mobile,57,4
52750,1024,2024-08-13,Drama,Smart TV,57,5
51344,1335,2024-04-28,Action,Mobile,84,1
51586,1030,2024-05-25,Romance,Mobile,78,5
53152,1525,2024-04-05,Series,Smart TV,58,5
50543,1040,2024-08-15,Action,Smart TV,66,5
51395,1189,2024-04-04,Drama,Smart TV,16,4
52898,1275,2024-06-15,Drama,Smart TV,45,5
53746,1447,2024-03-21,Documentary,Smart TV,59,4
54823,1223,2024-06-21,Series,Laptop,113,5
54815,1084,2024-04-08,Documentary,Mobile,36,4
52627,1108,2024-05-23,Animation,Smart TV,71,4
51263,1526,2024-02-12,Drama,Smart TV,60,4
54391,1476,2024-01-30,Horror,Laptop,16,5
52263,1564,2024-01-09,Drama,Laptop,15,4
50313,1172,2024-08-06,Action,Tablet,79,5
52693,1502,2024-04-14,Series,Laptop,104,1
53165,1583,2024-08-28,Documentary,Laptop,32,5
51720,1340,2024-02-10,Animation,Mobile,138,3
54175,1226,2024-08-26,Romance,Smart TV,44,5
51161,1514,2024-01-06,Romance,Laptop,53,3
53374,1158,2024-05-18,Documentary,Laptop,71,5
54052,1186,2024-04-03,Horror,Laptop,84,4
52788,1075,2024-01-24,Animation,Laptop,50,4
50056,1444,2024-01-04,Horror,Smart TV,81,4
51014,1058,2024-04-06,Action,Smart TV,50,4
53208,1409,2024-07-25,Romance,Laptop,65,4
50479,1207,2024-07-28,Romance,Smart TV,68,4
50524,1366,2024-01-29,Comedy,Laptop,72,5
51967,1139,2024-03-30,Series,Smart TV,80,4
54708,1082,2024-01-12,Romance,Laptop,118,5
52497,1489,2024-06-11,Drama,Smart TV,27,4
54852,1344,2024-05-21,Documentary,Smart TV,74,4
50503,1525,2024-05-08,Series,Smart TV,35,4
54100,1519,2024-02-02,Horror,Smart TV,6,1
53069,1033,2024-07-11,Romance,Tablet,32,4
51890,1295,2024-04-03,Action,Laptop,74,5
54987,1293,2024-05-28,Action,Mobile,21,5
51942,1401,2024-07-26,Action,Mobile,40,5
50426,1090,2024-05-07,Documentary,Mobile,23,4
54918,1091,2024-05-01,Series,Smart TV,24,4
50944,1532,2024-02-21,Horror,Tablet,57,4
51397,1442,2024-07-05,Animation,Smart TV,39,3
53075,1513,2024-05-22,Horror,Smart TV,78,4
53209,1549,2024-05-11,Romance,Laptop,35,1
54042,1116,2024-05-03,Documentary,Laptop,50,5
53696,1055,2024-04-18,Animation,Laptop,28,5
54174,1518,2024-03-27,Animation,Laptop,11,4
54682,1179,2024-02-23,Action,Tablet,17,3
51158,1068,2024-05-28,Series,Mobile,28,4
53050,1094,2024-05-24,Horror,Smart TV,40,5
50932,1055,2024-04-10,Romance,Laptop,59,2
51477,1009,2024-03-16,Drama,Mobile,36,3
50759,1545,2024-05-13,Comedy,Laptop,73,1
51969,1439,2024-07-13,Romance,Smart TV,66,4
52259,1223,2024-02-03,Documentary,Smart TV,75,3
50805,1200,2024-08-10,Romance,Mobile,81,5
53991,1023,2024-07-04,Series,Smart TV,54,4
53724,1264,2024-02-17,Drama,Mobile,85,5
54401,1455,2024-01-25,Drama,Mobile,44,5
51732,1075,2024-02-22,Series,Smart TV,72,5
54828,1169,2024-01-04,Documentary,Smart TV,76,4
52735,1567,2024-07-03,Horror,Smart TV,35,1
52350,1221,2024-01-15,Series,Mobile,19,2
50191,1140,2024-06-01,Series,Tablet,88,5
52672,1276,2024-07-08,Series,Tablet,71,3
51188,1181,2024-04-21,Romance,Smart TV,42,5
52692,1477,2024-08-05,Series,Laptop,66,4
53101,1487,2024-06-24,Horror,Smart TV,51,4
53942,1299,2024-06-17,Action,Laptop,53,4
53599,1033,2024-05-01,Comedy,Laptop,58,5
51556,1576,2024-08-12,Comedy,Tablet,49,5
52257,1033,2024-02-11,Series,Laptop,48,4
52127,1571,2024-07-23,Drama,Smart TV,99,4
51199,1228,2024-05-25,Horror,Mobile,84,2
51145,1359,2024-04-15,Comedy,Smart TV,50,4
54020,1363,2024-06-28,Action,Smart TV,33,5
54217,1342,2024-07-10,Action,Smart TV,85,4
53178,1168,2024-08-21,Romance,Laptop,71,4
54511,1316,2024-05-02,Animation,Mobile,30,4
53448,1591,2024-04-15,Documentary,Smart TV,63,4
50993,1060,2024-04-01,Comedy,Mobile,63,3
53543,1121,2024-01-07,Romance,Laptop,26,5
52402,1213,2024-06-23,Romance,Mobile,39,3
52426,1289,2024-05-23,Romance,Smart TV,51,5
52536,1212,2024-08-06,Drama,Tablet,66,4
53885,1506,2024-03-11,Comedy,Smart TV,99,2
51311,1148,2024-01-30,Comedy,Mobile,92,4
54200,1100,2024-06-16,Animation,Tablet,37,3
53071,1283,2024-03-21,Documentary,Smart TV,69,5
54878,1107,2024-03-03,Action,Mobile,46,5
51996,1084,2024-07-06,Romance,Laptop,53,4
51260,1264,2024-06-22,Comedy,Mobile,91,4
52690,1076,2024-03-15,Drama,Mobile,43,4
50539,1226,2024-02-23,Series,Mobile,26,3
54017,1557,2024-03-18,Series,Smart TV,71,4
50564,1209,2024-01-24,Drama,Smart TV,13,5
50402,1065,2024-07-13,Romance,Mobile,18,5
50245,1476,2024-01-10,Series,Smart TV,50,4
53925,1397,2024-04-04,Comedy,Laptop,57,5
50703,1012,2024-07-23,Animation,Mobile,55,5
53317,1257,2024-04-03,Drama,Smart TV,70,5
50877,1279,2024-03-02,Comedy,Smart TV,5,4
50209,1068,2024-02-16,Romance,Laptop,56,4
53315,1545,2024-05-16,Animation,Smart TV,85,5
50808,1377,2024-04-10,Drama,Mobile,61,4
50930,1428,2024-03-26,Horror,Mobile,16,4
51387,1072,2024-05-04,Drama,Laptop,39,5
50587,1018,2024-01-22,Animation,Laptop,77,5
51499,1327,2024-04-08,Comedy,Laptop,36,3
54342,1449,2024-03-12,Documentary,Laptop,59,5
53457,1428,2024-08-07,Action,Smart TV,19,4
52406,1331,2024-05-26,Comedy,Laptop,46,2
50985,1243,2024-01-02,Drama,Laptop,34,4
53536,1149,2024-08-16,Animation,Smart TV,109,3
54197,1288,2024-01-27,Drama,Smart TV,80,4
52265,1050,2024-07-31,Romance,Mobile,73,2
51823,1024,2024-04-07,Series,Smart TV,79,4
54520,1170,2024-05-25,Documentary,Mobile,5,4
51475,1496,2024-07-05,Comedy,Mobile,35,4
54178,1212,2024-01-06,Horror,Laptop,47,2
50796,1424,2024-07-07,Horror,Smart TV,81,4
50007,1117,2024-08-20,Animation,Laptop,5,4
52166,1111,2024-04-28,Comedy,Mobile,14,3
54018,1083,2024-05-03,Drama,Laptop,53,4
50839,1373,2024-03-21,Comedy,Laptop,37,5
50493,1524,2024-05-11,Documentary,Tablet,21,4
52631,1450,2024-01-09,Animation,Smart TV,113,4
51612,1161,2024-06-04,Drama,Laptop,5,3
52917,1001,2024-07-28,Animation,Mobile,57,4
50570,1299,2024-06-17,Drama,Smart TV,32,5
52171,1279,2024-03-22,Comedy,Smart TV,98,5
53150,1088,2024-05-20,Action,Laptop,93,3
52310,1494,2024-04-13,Romance,Smart TV,5,4
54033,1018,2024-01-07,Drama,Mobile,24,4
54740,1295,2024-03-10,Action,Smart TV,86,4
51882,1408,2024-07-30,Comedy,Mobile,123,3
52226,1130,2024-02-07,Comedy,Smart TV,84,5
51086,1367,2024-04-07,Horror,Smart TV,65,5
54320,1575,2024-08-11,Romance,Mobile,76,4
52591,1351,2024-06-30,Action,Mobile,35,2
54827,1140,2024-07-20,Documentary,Smart TV,32,5
54964,1124,2024-05-10,Animation,Mobile,97,5
51283,1059,2024-02-14,Documentary,Smart TV,49,5
51869,1209,2024-05-16,Documentary,Laptop,55,5
53490,1111,2024-01-08,Series,Laptop,30,4
51300,1175,2024-01-14,Romance,Smart TV,16,5
51334,1364,2024-07-09,Comedy,Laptop,30,4
52241,1545,2024-08-20,Series,Mobile,60,4
54056,1287,2024-08-14,Comedy,Mobile,82,5
52982,1082,2024-03-19,Romance,Smart TV,82,4
50155,1591,2024-01-10,Horror,Mobile,63,3
53135,1357,2024-05-23,Horror,Laptop,95,5
52697,1527,2024-04-17,Romance,Smart TV,103,5
53460,1325,2024-03-19,Documentary,Mobile,19,5
52915,1285,2024-05-23,Documentary,Smart TV,5,4
51907,1036,2024-07-10,Documentary,Smart TV,25,3
54507,1518,2024-03-19,Comedy,Mobile,27,5
54896,1506,2024-04-14,Action,Tablet,68,4
52553,1555,2024-04-01,Comedy,Laptop,9,2
50830,1509,2024-01-13,Series,Smart TV,85,4
50994,1004,2024-06-01,Horror,Laptop,5,5
50536,1449,2024-08-23,Animation,Smart TV,48,5
53019,1347,2024-03-08,Horror,Mobile,5,5
54199,1118,2024-03-12,Romance,Laptop,66,1
53711,1099,2024-07-25,Horror,Smart TV,5,4
52528,1354,2024-08-16,Comedy,Smart TV,32,5
53592,1012,2024-04-09,Animation,Laptop,64,2
51139,1427,2024-02-09,Action,Laptop,59,4
54158,1344,2024-08-13,Comedy,Mobile,87,4
52556,1034,2024-05-09,Documentary,Mobile,46,5
53823,1254,2024-07-22,Drama,Smart TV,65,5
53708,1080,2024-06-05,Documentary,Smart TV,26,5
50241,1320,2024-03-07,Comedy,Laptop,34,3
51714,1352,2024-05-31,Animation,Laptop,55,5
54945,1307,2024-03-02,Romance,Laptop,49,4
51242,1378,2024-08-12,Action,Mobile,42,5
54340,1419,2024-06-09,Comedy,Laptop,42,2
54251,1455,2024-06-28,Series,Mobile,56,5
51432,1541,2024-02-26,Action,Mobile,38,3
50641,1472,2024-03-06,Documentary,Smart TV,64,5
51126,1052,2024-03-15,Documentary,Mobile,96,4
53883,1235,2024-07-04,Romance,Mobile,36,1
52503,1278,2024-08-11,Drama,Smart TV,62,2
51365,1495,2024-08-23,Animation,Smart TV,66,4
51200,1053,2024-04-08,Animation,Laptop,73,5
52815,1463,2024-02-03,Action,Mobile,124,4
50763,1137,2024-07-16,Drama,Mobile,5,5
54434,1053,2024-01-15,Animation,Smart TV,28,3
50104,1544,2024-02-09,Horror,Smart TV,34,5
50215,1575,2024-04-13,Documentary,Laptop,53,2
52021,1249,2024-08-09,Documentary,Laptop,15,2
52152,1088,2024-07-17,Romance,Laptop,126,5
51834,1365,2024-04-03,Animation,Smart TV,34,5
51103,1095,2024-08-17,Animation,Laptop,36,3
54428,1353,2024-03-13,Drama,Laptop,29,4
53593,1315,2024-06-18,Action,Laptop,66,5
53455,1271,2024-01-01,Romance,Mobile,47,4
50376,1114,2024-07-08,Action,Mobile,47,4
54880,1060,2024-07-19,Series,Smart TV,5,5
53394,1587,2024-07-06,Animation,Mobile,80,3
54824,1501,2024-06-14,Series,Mobile,36,4
54285,1495,2024-06-26,Horror,Laptop,85,4
54939,1224,2024-03-26,Romance,Laptop,103,4
51094,1460,2024-01-29,Action,Smart TV,56,4
53649,1379,2024-05-20,Animation,Smart TV,22,3
54527,1213,2024-03-03,Comedy,Mobile,69,5
50268,1460,2024-08-27,Romance,Mobile,32,1
51789,1436,2024-04-26,Documentary,Laptop,54,3
53225,1530,2024-05-22,Comedy,Mobile,82,5
52026,1542,2024-05-31,Romance,Laptop,75,5
51884,1034,2024-08-24,Animation,Laptop,73,5
52767,1483,2024-08-14,Romance,Tablet,41,4
52883,1011,2024-08-04,Animation,Laptop,84,4
52328,1326,2024-05-15,Action,Laptop,61,3
50336,1513,2024-03-19,Horror,Smart TV,87,4
53390,1244,2024-06-29,Horror,Smart TV,52,5
52495,1344,2024-03-05,Drama,Smart TV,53,5
54115,1436,2024-01-04,Romance,Smart TV,52,1
50918,1014,2024-02-22,Action,Laptop,42,5
54146,1165,2024-05-04,Series,Laptop,73,3
50676,1560,2024-02-27,Documentary,Laptop,28,5
50978,1434,2024-07-06,Action,Laptop,66,5
50233,1023,2024-08-12,Action,Mobile,23,5
54423,1467,2024-03-08,Horror,Laptop,73,4
52044,1560,2024-02-27,Series,Laptop,31,5
50229,1557,2024-02-14,Series,Mobile,79,4
53996,1400,2024-07-13,Romance,Laptop,93,4
50023,1304,2024-06-27,Horror,Tablet,54,4
54282,1022,2024-03-12,Comedy,Laptop,36,5
51568,1118,2024-06-11,Comedy,Laptop,71,5
51451,1100,2024-03-22,Action,Laptop,38,3
52299,1502,2024-07-28,Action,Tablet,98,1
52191,1385,2024-07-19,Horror,Smart TV,86,3
51270,1295,2024-04-17,Comedy,Laptop,76,3
52433,1335,2024-02-17,Series,Mobile,50,4
51737,1254,2024-02-16,Documentary,Tablet,38,4
52356,1143,2024-03-27,Documentary,Laptop,33,5
50290,1140,2024-08-26,Horror,Laptop,41,4
50892,1044,2024-04-23,Romance,Smart TV,5,3
50576,1465,2024-07-08,Comedy,Laptop,26,4
51375,1224,2024-05-19,Comedy,Laptop,8,4
52831,1345,2024-06-15,Romance,Smart TV,27,5
52407,1455,2024-01-02,Comedy,Mobile,8,5
50969,1299,2024-02-05,Series,Smart TV,67,5
52964,1293,2024-03-22,Drama,Smart TV,5,5
54196,1267,2024-02-15,Comedy,Smart TV,16,3
52660,1184,2024-01-10,Drama,Laptop,68,4
50749,1250,2024-04-09,Animation,Laptop,34,4
52138,1529,2024-08-17,Drama,Tablet,22,4
53574,1173,2024-05-15,Animation,Tablet,82,3
50651,1059,2024-05-29,Series,Laptop,41,4
50577,1591,2024-06-21,Animation,Laptop,62,4
51040,1002,2024-03-17,Action,Smart TV,56,5
53156,1100,2024-07-31,Series,Smart TV,42,5
52526,1359,2024-02-26,Horror,Laptop,75,5
54715,1125,2024-08-07,Drama,Mobile,80,4
51845,1023,2024-05-16,Animation,Mobile,69,1
51585,1521,2024-04-16,Action,Mobile,81,5
53249,1518,2024-07-18,Comedy,Smart TV,5,4
52956,1318,2024-07-13,Documentary,Smart TV,83,4
50057,1170,2024-08-07,Comedy,Smart TV,57,4
52901,1308,2024-06-24,Action,Laptop,59,4
54190,1145,2024-01-03,Comedy,Laptop,117,3
54177,1302,2024-02-18,Comedy,Tablet,81,5
53970,1234,2024-03-12,Animation,Mobile,83,4
51564,1143,2024-05-17,Action,Laptop,5,4
54413,1257,2024-02-25,Series,Mobile,67,5
51000,1443,2024-04-17,Horror,Smart TV,5,3
54215,1552,2024-02-07,Horror,Mobile,34,1
54969,1280,2024-07-23,Drama,Smart TV,90,3
54269,1366,2024-06-20,Series,Smart TV,80,1
53924,1506,2024-04-07,Animation,Mobile,30,4
51265,1525,2024-02-02,Action,Smart TV,47,5
53477,1172,2024-04-26,Animation,Tablet,66,4
51647,1162,2024-06-23,Documentary,Laptop,29,5
54515,1107,2024-08-15,Documentary,Laptop,28,4
51631,1433,2024-01-16,Romance,Smart TV,119,2
50926,1364,2024-04-20,Documentary,Smart TV,82,4
54264,1461,2024-08-05,Action,Smart TV,89,5
50837,1258,2024-04-02,Documentary,Mobile,19,4
52153,1101,2024-02-13,Comedy,Smart TV,7,3
53549,1341,2024-07-16,Series,Smart TV,71,4
54701,1388,2024-05-02,Documentary,Laptop,23,3
52330,1203,2024-02-21,Animation,Smart TV,68,5
50812,1563,2024-03-04,Comedy,Smart TV,42,4
51129,1230,2024-08-23,Animation,Smart TV,71,4
52971,1420,2024-04-28,Documentary,Mobile,64,3
54432,1137,2024-02-04,Romance,Mobile,11,3
52071,1044,2024-02-25,Horror,Smart TV,33,4
51289,1339,2024-04-21,Romance,Mobile,24,3
51467,1483,2024-07-08,Drama,Mobile,29,3
54875,1443,2024-08-15,Romance,Mobile,35,3
54866,1440,2024-01-19,Drama,Mobile,25,5
50945,1298,2024-05-29,Animation,Laptop,6,3
50330,1080,2024-06-15,Action,Tablet,66,2
53353,1353,2024-03-31,Documentary,Smart TV,54,3
53134,1222,2024-04-26,Action,Laptop,37,5
54088,1234,2024-06-21,Action,Laptop,56,5
53106,1569,2024-04-03,Drama,Smart TV,107,4
52361,1216,2024-04-22,Series,Mobile,90,4
50401,1419,2024-04-19,Horror,Mobile,26,5
54851,1280,2024-02-29,Animation,Smart TV,5,5
50123,1537,2024-03-13,Drama,Smart TV,62,4
50193,1343,2024-08-19,Action,Tablet,24,4
52907,1322,2024-08-08,Animation,Smart TV,74,5
54992,1324,2024-07-20,Romance,Smart TV,12,4
50838,1424,2024-05-25,Action,Smart TV,63,5
54874,1200,2024-02-10,Horror,Tablet,35,3
53613,1325,2024-01-11,Animation,Smart TV,88,4
54149,1479,2024-08-01,Documentary,Laptop,22,5
52344,1109,2024-05-19,Documentary,Mobile,77,5
53094,1042,2024-02-01,Comedy,Laptop,43,2
50594,1439,2024-05-09,Romance,Mobile,75,5
50526,1542,2024-05-01,Series,Smart TV,35,4
52110,1385,2024-05-11,Comedy,Mobile,34,3
50236,1077,2024-01-01,Horror,Laptop,42,5
51511,1263,2024-08-28,Drama,Mobile,60,4
53954,1553,2024-06-28,Drama,Mobile,32,5
50848,1092,2024-03-12,Drama,Laptop,56,5
53035,1252,2024-02-13,Horror,Smart TV,83,4
53375,1383,2024-07-29,Horror,Smart TV,47,5
53003,1259,2024-02-24,Drama,Smart TV,69,5
50779,1314,2024-04-07,Horror,Tablet,70,4
53102,1449,2024-05-04,Drama,Mobile,32,4
53692,1315,2024-04-23,Romance,Mobile,46,5
54513,1306,2024-02-24,Horror,Mobile,69,4
52458,1540,2024-04-25,Documentary,Laptop,93,4
51366,1315,2024-07-27,Action,Smart TV,60,3
54035,1578,2024-07-29,Drama,Smart TV,19,3
53100,1548,2024-05-07,Romance,Smart TV,88,4
50563,1017,2024-08-02,Series,Smart TV,76,4
51251,1419,2024-03-11,Documentary,Tablet,19,5
54288,1485,2024-03-25,Animation,Mobile,63,4
51208,1380,2024-02-25,Drama,Laptop,51,5
52529,1291,2024-03-07,Romance,Smart TV,84,3
52093,1133,2024-07-26,Animation,Mobile,36,4
53640,1028,2024-01-31,Documentary,Mobile,57,5
51933,1169,2024-07-09,Drama,Smart TV,29,4
50096,1555,2024-02-22,Drama,Smart TV,38,5
51018,1564,2024-04-28,Drama,Smart TV,74,5
52238,1084,2024-01-30,Horror,Smart TV,29,4
50025,1257,2024-06-04,Romance,Smart TV,41,5
53557,1242,2024-02-26,Horror,Smart TV,87,4
54384,1240,2024-04-03,Documentary,Smart TV,46,4
52822,1564,2024-07-14,Documentary,Mobile,24,3
51038,1175,2024-03-11,Drama,Laptop,39,4
54616,1570,2024-02-17,Horror,Mobile,5,4
50818,1051,2024-08-20,Series,Mobile,55,5
50107,1423,2024-05-03,Series,Smart TV,75,5
51563,1458,2024-07-05,Romance,Mobile,49,4
53120,1485,2024-07-25,Action,Smart TV,51,4
50907,1366,2024-01-30,Drama,Laptop,80,4
50201,1003,2024-08-14,Horror,Mobile,40,4
53002,1147,2024-01-31,Horror,Laptop,57,5
53496,1299,2024-03-01,Animation,Smart TV,27,5
54643,1405,2024-01-06,Documentary,Laptop,53,5
53654,1006,2024-05-30,Action,Smart TV,85,5
50747,1323,2024-05-28,Documentary,Tablet,20,4
50542,1230,2024-05-30,Series,Laptop,17,3
52661,1188,2024-02-21,Horror,Laptop,91,5
53383,1295,2024-06-08,Drama,Mobile,41,5
53063,1492,2024-04-10,Romance,Smart TV,62,2
51555,1386,2024-01-30,Animation,Laptop,66,5
52082,1293,2024-08-15,Series,Mobile,22,5
51002,1335,2024-03-25,Series,Tablet,55,3
52253,1154,2024-01-14,Drama,Laptop,52,1
53712,1013,2024-08-04,Action,Smart TV,79,5
52989,1299,2024-08-11,Animation,Laptop,49,5
54479,1045,2024-02-01,Documentary,Laptop,53,3
51328,1444,2024-06-28,Series,Laptop,51,4
54856,1143,2024-08-12,Horror,Smart TV,34,3
50670,1142,2024-05-02,Comedy,Laptop,90,3
53865,1519,2024-01-08,Drama,Mobile,21,5
53336,1069,2024-06-14,Documentary,Laptop,96,4
51231,1578,2024-07-30,Horror,Mobile,21,5
52653,1363,2024-07-28,Animation,Tablet,25,5
54426,1194,2024-04-09,Animation,Mobile,59,4
54254,1098,2024-04-24,Series,Smart TV,27,4
52794,1568,2024-06-10,Animation,Smart TV,59,4
54670,1331,2024-07-01,Romance,Laptop,75,4
50965,1107,2024-03-28,Horror,Smart TV,91,4
54884,1125,2024-03-17,Action,Mobile,65,4
53879,1332,2024-07-21,Animation,Smart TV,54,5
50511,1533,2024-08-16,Drama,Smart TV,52,4
50697,1063,2024-03-14,Drama,Laptop,100,2
52555,1194,2024-05-02,Horror,Smart TV,79,5
50138,1374,2024-07-27,Horror,Laptop,7,4
51373,1451,2024-08-24,Action,Smart TV,27,5
50320,1009,2024-04-18,Comedy,Smart TV,32,4
54524,1460,2024-03-02,Series,Laptop,17,4
51609,1570,2024-07-20,Drama,Tablet,48,5
54305,1586,2024-05-22,Series,Smart TV,52,5
52039,1148,2024-04-27,Series,Smart TV,37,4
52219,1478,2024-08-09,Romance,Laptop,67,2
50980,1267,2024-02-11,Animation,Smart TV,31,5
50379,1597,2024-08-25,Documentary,Smart TV,90,4
51752,1014,2024-06-25,Romance,Smart TV,59,5
52165,1141,2024-01-05,Action,Mobile,48,4
52262,1129,2024-06-26,Romance,Laptop,46,3
50314,1421,2024-03-25,Animation,Mobile,5,5
52271,1108,2024-03-29,Series,Mobile,51,4
50238,1056,2024-04-29,Series,Laptop,60,4
52554,1230,2024-04-29,Series,Mobile,68,4
53859,1367,2024-05-06,Drama,Smart TV,72,3
54222,1073,2024-01-01,Drama,Mobile,74,3
54514,1037,2024-08-05,Horror,Smart TV,74,3
52888,1582,2024-07-29,Animation,Smart TV,30,5
54121,1538,2024-05-26,Action,Smart TV,111,3
54451,1472,2024-05-05,Romance,Mobile,107,4
50176,1483,2024-04-11,Romance,Laptop,70,1
53767,1284,2024-08-04,Series,Laptop,64,5
50036,1118,2024-08-28,Series,Laptop,63,2
51891,1450,2024-08-09,Action,Mobile,53,4
54587,1227,2024-08-16,Animation,Smart TV,57,4
52509,1397,2024-02-22,Drama,Smart TV,7,4
50711,1018,2024-08-13,Animation,Smart TV,52,4
51643,1146,2024-02-26,Horror,Laptop,86,5
53257,1106,2024-06-15,Action,Laptop,54,2
52500,1464,2024-03-10,Documentary,Smart TV,44,5
53126,1345,2024-02-08,Romance,Laptop,5,2
52422,1588,2024-06-26,Romance,Smart TV,44,3
52176,1169,2024-04-23,Documentary,Smart TV,106,5
50110,1545,2024-02-18,Romance,Smart TV,92,5
53108,1032,2024-03-08,Action,Mobile,39,2
53585,1456,2024-07-25,Series,Laptop,44,5
52311,1428,2024-04-21,Documentary,Mobile,53,3
51152,1268,2024-06-11,Series,Mobile,111,5
50312,1559,2024-03-26,Action,Laptop,26,5
52317,1517,2024-02-19,Documentary,Mobile,48,3
54360,1078,2024-04-28,Romance,Mobile,29,5
50947,1550,2024-08-11,Animation,Mobile,26,4
50746,1159,2024-06-02,Documentary,Laptop,56,3
50686,1529,2024-03-21,Romance,Smart TV,54,4
50754,1342,2024-06-12,Series,Smart TV,75,5
50349,1407,2024-05-31,Romance,Smart TV,66,5
54478,1262,2024-02-10,Animation,Laptop,57,5
51910,1146,2024-01-23,Series,Laptop,68,5
53458,1430,2024-08-08,Series,Mobile,44,3
52677,1091,2024-04-08,Horror,Smart TV,5,4
52296,1183,2024-04-02,Drama,Smart TV,55,5
51870,1114,2024-06-11,Drama,Mobile,53,2
54952,1094,2024-05-09,Horror,Smart TV,24,2
52717,1590,2024-07-31,Horror,Mobile,67,5
52362,1156,2024-07-05,Drama,Smart TV,74,2
53446,1163,2024-02-08,Series,Laptop,85,4
53556,1236,2024-02-20,Series,Laptop,76,4
54304,1429,2024-04-15,Romance,Laptop,116,4
52154,1426,2024-01-31,Comedy,Mobile,26,5
53471,1370,2024-01-27,Comedy,Mobile,42,4
53171,1239,2024-06-27,Drama,Mobile,58,2
50999,1043,2024-01-14,Action,Laptop,47,5
53177,1321,2024-05-23,Animation,Tablet,56,3
52633,1177,2024-05-24,Comedy,Mobile,20,4
53095,1203,2024-08-12,Comedy,Mobile,81,2
50294,1349,2024-05-11,Comedy,Mobile,64,4
54917,1549,2024-06-26,Romance,Smart TV,84,4
50665,1367,2024-02-06,Comedy,Smart TV,26,4
54503,1430,2024-01-21,Action,Mobile,25,4
53057,1157,2024-07-31,Animation,Smart TV,65,2
50181,1326,2024-05-17,Documentary,Smart TV,44,3
51339,1410,2024-07-20,Documentary,Mobile,31,4
50210,1139,2024-01-23,Romance,Mobile,88,4
51380,1071,2024-07-07,Animation,Laptop,39,4
52893,1286,2024-03-21,Documentary,Smart TV,29,5
52847,1541,2024-08-04,Drama,Laptop,46,5
54179,1102,2024-01-04,Horror,Mobile,77,5
53563,1087,2024-01-29,Animation,Smart TV,35,5
54162,1454,2024-02-25,Documentary,Laptop,98,5
52094,1365,2024-04-02,Horror,Tablet,17,5
53289,1153,2024-02-11,Horror,Mobile,72,4
53129,1224,2024-06-12,Action,Smart TV,38,4
53847,1017,2024-03-23,Series,Smart TV,34,4
50032,1206,2024-06-10,Comedy,Smart TV,53,4
50093,1518,2024-07-10,Horror,Smart TV,18,4
54651,1245,2024-08-13,Horror,Laptop,39,2
52812,1216,2024-03-13,Series,Laptop,24,4
52645,1216,2024-08-16,Documentary,Tablet,44,3
53534,1386,2024-02-12,Action,Laptop,31,4
53578,1576,2024-02-08,Animation,Tablet,39,5
54648,1081,2024-03-10,Comedy,Laptop,48,3
51991,1238,2024-01-09,Documentary,Mobile,38,4
54837,1195,2024-01-03,Documentary,Laptop,36,2
54674,1086,2024-03-06,Comedy,Mobile,58,4
54537,1023,2024-07-21,Romance,Mobile,61,4
53946,1086,2024-06-21,Action,Smart TV,71,5
50853,1252,2024-05-05,Documentary,Smart TV,56,4
52747,1385,2024-05-30,Drama,Mobile,88,4
50766,1505,2024-01-01,Comedy,Tablet,58,4
53998,1029,2024-05-29,Drama,Laptop,52,5
54226,1581,2024-01-16,Series,Mobile,106,3
52801,1307,2024-04-30,Animation,Mobile,29,5
51769,1483,2024-01-22,Romance,Laptop,19,2
53546,1140,2024-06-06,Drama,Laptop,40,5
54076,1449,2024-01-20,Horror,Mobile,73,4
53456,1557,2024-07-24,Documentary,Laptop,87,5
54267,1135,2024-01-31,Horror,Laptop,11,4
52875,1168,2024-06-09,Horror,Tablet,47,4
53149,1484,2024-02-04,Comedy,Smart TV,61,4
53912,1266,2024-07-29,Series,Laptop,5,5
53836,1435,2024-01-09,Horror,Tablet,46,5
54893,1263,2024-06-03,Romance,Mobile,26,5
51718,1196,2024-07-25,Romance,Laptop,54,4
50971,1337,2024-01-04,Action,Smart TV,44,5
53967,1465,2024-05-30,Documentary,Laptop,45,5
51646,1251,2024-03-19,Romance,Laptop,97,4
54455,1597,2024-08-25,Drama,Mobile,69,4
54243,1487,2024-08-02,Drama,Smart TV,83,3
51703,1552,2024-08-03,Animation,Laptop,41,4
53939,1119,2024-06-23,Comedy,Smart TV,5,2
53318,1116,2024-02-08,Comedy,Mobile,38,2
54840,1351,2024-02-26,Documentary,Mobile,41,3
53817,1460,2024-01-29,Horror,Smart TV,24,4
50396,1127,2024-01-18,Romance,Smart TV,56,5
50014,1576,2024-07-07,Animation,Mobile,31,3
51377,1246,2024-04-04,Action,Smart TV,69,3
54371,1113,2024-04-23,Romance,Laptop,22,4
52080,1012,2024-03-28,Series,Mobile,31,4
50298,1251,2024-02-19,Comedy,Smart TV,54,5
51127,1350,2024-03-17,Series,Tablet,71,3
50986,1185,2024-06-01,Romance,Smart TV,61,5
51430,1157,2024-02-13,Romance,Smart TV,59,1
50755,1217,2024-06-28,Comedy,Smart TV,35,4
54398,1040,2024-03-16,Romance,Tablet,49,5
50151,1557,2024-06-12,Horror,Smart TV,43,4
52326,1478,2024-06-24,Comedy,Smart TV,98,5
52837,1007,2024-07-18,Horror,Laptop,86,2
53586,1414,2024-01-09,Comedy,Laptop,25,5
51682,1370,2024-05-06,Comedy,Mobile,9,4
54157,1203,2024-07-13,Series,Smart TV,49,5
52520,1112,2024-04-24,Series,Smart TV,49,4
52537,1376,2024-06-09,Series,Mobile,68,2
54914,1546,2024-04-07,Drama,Tablet,43,5
52354,1502,2024-02-28,Comedy,Smart TV,54,4
50386,1308,2024-02-18,Comedy,Mobile,99,4
53790,1503,2024-05-18,Documentary,Smart TV,56,4
52294,1471,2024-02-03,Action,Tablet,31,5
54568,1279,2024-04-04,Drama,Smart TV,37,5
54613,1583,2024-08-07,Series,Smart TV,111,4
53393,1474,2024-01-05,Horror,Smart TV,94,5
53211,1206,2024-07-25,Series,Smart TV,21,4
53959,1549,2024-03-07,Action,Smart TV,85,3
53862,1267,2024-02-24,Animation,Smart TV,75,5
52626,1492,2024-08-07,Romance,Smart TV,39,4
54743,1065,2024-08-12,Romance,Smart TV,66,3
52341,1409,2024-03-23,Series,Smart TV,122,4
51649,1116,2024-05-25,Series,Laptop,25,4
54294,1241,2024-02-09,Drama,Laptop,37,2
51382,1375,2024-07-06,Series,Laptop,14,4
54870,1518,2024-06-30,Romance,Mobile,10,4
53772,1588,2024-06-11,Comedy,Laptop,31,3
54521,1173,2024-07-06,Action,Laptop,87,5
53472,1180,2024-05-21,Romance,Smart TV,76,4
53629,1115,2024-03-20,Romance,Smart TV,97,4
50041,1051,2024-01-14,Documentary,Laptop,50,4
54540,1478,2024-03-10,Horror,Laptop,128,5
50781,1042,2024-06-06,Animation,Smart TV,84,3
54573,1308,2024-04-15,Action,Mobile,52,4
53521,1435,2024-06-06,Comedy,Mobile,76,5
52792,1566,2024-07-05,Documentary,Laptop,96,5
50520,1477,2024-06-23,Animation,Mobile,5,5
52579,1155,2024-07-15,Horror,Laptop,5,4
53260,1169,2024-08-14,Drama,Laptop,11,5
53639,1242,2024-07-13,Comedy,Mobile,90,3
54194,1462,2024-05-19,Horror,Mobile,68,5
53969,1510,2024-01-08,Drama,Mobile,65,5
53806,1425,2024-08-07,Romance,Smart TV,56,5
54533,1068,2024-05-23,Action,Laptop,61,5
51437,1157,2024-06-23,Comedy,Laptop,26,4
50560,1084,2024-03-02,Series,Smart TV,33,5
54786,1473,2024-05-07,Drama,Smart TV,95,5
54948,1058,2024-05-26,Animation,Mobile,79,4
51131,1002,2024-03-12,Comedy,Mobile,85,4
54415,1571,2024-01-20,Romance,Laptop,77,4
52373,1189,2024-01-17,Documentary,Smart TV,67,5
51039,1473,2024-03-19,Comedy,Smart TV,44,3
51660,1586,2024-05-17,Romance,Laptop,65,5
50328,1549,2024-05-09,Drama,Laptop,48,3
50055,1025,2024-07-09,Drama,Laptop,86,5
53603,1341,2024-07-08,Comedy,Laptop,16,5
51282,1010,2024-03-27,Comedy,Smart TV,5,5
53529,1347,2024-04-15,Comedy,Smart TV,29,4
50650,1422,2024-02-15,Animation,Mobile,37,5
51429,1280,2024-07-31,Horror,Smart TV,43,2
53722,1293,2024-02-21,Romance,Smart TV,13,4
52789,1481,2024-03-13,Comedy,Tablet,56,3
50327,1465,2024-02-21,Drama,Smart TV,36,4
50161,1577,2024-02-14,Comedy,Laptop,11,5
52583,1252,2024-02-22,Romance,Tablet,82,4
54261,1057,2024-05-11,Animation,Laptop,42,5
53301,1392,2024-01-28,Romance,Laptop,41,3
52366,1580,2024-05-21,Series,Mobile,73,4
50459,1470,2024-05-03,Animation,Mobile,31,5
50855,1001,2024-01-23,Horror,Mobile,29,4
50559,1145,2024-02-16,Drama,Mobile,119,5
52454,1539,2024-08-22,Series,Laptop,67,5
53491,1013,2024-02-18,Romance,Smart TV,91,1
50582,1418,2024-03-14,Series,Tablet,43,5
53189,1018,2024-05-21,Animation,Laptop,81,4
52549,1003,2024-01-27,Series,Mobile,61,4
54475,1136,2024-08-05,Animation,Laptop,77,5
51327,1351,2024-07-19,Romance,Tablet,54,5
54392,1365,2024-07-27,Action,Laptop,36,5
54744,1564,2024-06-10,Series,Smart TV,7,2
54691,1597,2024-04-25,Drama,Mobile,94,5
53728,1444,2024-07-22,Documentary,Tablet,69,5
53695,1194,2024-03-09,Animation,Laptop,89,4
53048,1030,2024-02-13,Comedy,Laptop,34,2
52931,1376,2024-02-23,Action,Mobile,5,4
50723,1548,2024-05-11,Drama,Mobile,5,3
51812,1324,2024-07-12,Comedy,Laptop,82,3
50549,1229,2024-08-19,Drama,Laptop,39,3
50831,1465,2024-08-10,Horror,Laptop,28,4
51072,1093,2024-08-17,Action,Tablet,36,4
53193,1136,2024-02-19,Action,Smart TV,43,4
54310,1506,2024-04-11,Romance,Smart TV,47,3
53440,1425,2024-08-14,Series,Smart TV,53,5
52710,1324,2024-08-15,Comedy,Mobile,101,5
51136,1008,2024-03-25,Animation,Laptop,32,3
50173,1004,2024-05-23,Horror,Laptop,25,4
50187,1089,2024-07-25,Documentary,Tablet,43,5
52613,1005,2024-05-23,Horror,Smart TV,57,4
54436,1002,2024-06-01,Comedy,Laptop,39,4
53731,1421,2024-02-11,Drama,Laptop,36,2
51059,1510,2024-07-03,Animation,Smart TV,26,3
54275,1093,2024-03-27,Action,Smart TV,77,4
50545,1177,2024-05-13,Drama,Laptop,5,1
50551,1084,2024-07-09,Horror,Mobile,89,4
52760,1443,2024-08-22,Animation,Laptop,34,4
54414,1564,2024-01-19,Documentary,Laptop,24,4
54417,1349,2024-02-08,Animation,Laptop,21,4
54555,1247,2024-02-08,Series,Smart TV,78,4
53676,1257,2024-01-19,Comedy,Laptop,90,4
53058,1576,2024-08-18,Drama,Smart TV,34,3
51316,1549,2024-04-22,Comedy,Laptop,67,5
53304,1553,2024-04-30,Action,Laptop,37,5
53277,1273,2024-01-11,Romance,Smart TV,88,5
50941,1395,2024-03-16,Animation,Laptop,41,4
50648,1302,2024-08-01,Series,Mobile,14,4
50991,1356,2024-03-01,Drama,Smart TV,96,4
53611,1586,2024-04-05,Comedy,Smart TV,60,3
53992,1119,2024-05-13,Action,Smart TV,34,3
53542,1519,2024-03-11,Comedy,Laptop,22,5
50775,1153,2024-07-23,Comedy,Smart TV,69,4
54538,1445,2024-03-16,Series,Smart TV,56,4
54242,1306,2024-06-14,Horror,Laptop,52,5
52244,1073,2024-06-18,Animation,Smart TV,60,4
50343,1252,2024-01-02,Action,Smart TV,13,4
51454,1393,2024-07-06,Documentary,Smart TV,27,4
51001,1032,2024-04-07,Horror,Mobile,44,5
52463,1435,2024-06-26,Animation,Mobile,32,3
50237,1105,2024-07-27,Documentary,Smart TV,14,5
51571,1054,2024-01-28,Documentary,Smart TV,76,4
54604,1123,2024-02-12,Romance,Tablet,49,4
51825,1545,2024-07-01,Series,Tablet,49,4
50638,1230,2024-07-22,Horror,Mobile,29,2
51559,1327,2024-05-30,Drama,Mobile,52,5
51597,1597,2024-01-27,Romance,Mobile,78,4
51953,1558,2024-05-30,Drama,Smart TV,71,5
54569,1564,2024-04-18,Documentary,Smart TV,26,5
52905,1341,2024-01-24,Animation,Laptop,71,4
52009,1092,2024-08-01,Action,Laptop,45,4
50202,1205,2024-04-08,Series,Smart TV,76,5
53994,1402,2024-02-29,Animation,Laptop,39,5
51736,1013,2024-01-11,Romance,Laptop,25,5
51069,1154,2024-05-14,Horror,Smart TV,41,4
53927,1546,2024-03-15,Horror,Smart TV,79,5
54161,1181,2024-07-14,Action,Mobile,65,5
51691,1122,2024-03-02,Documentary,Mobile,118,5
50700,1149,2024-06-26,Romance,Laptop,55,5
53830,1403,2024-01-29,Comedy,Laptop,27,5
54599,1483,2024-02-16,Comedy,Mobile,55,5
50253,1020,2024-07-16,Animation,Mobile,120,4
53298,1298,2024-01-31,Horror,Mobile,13,5
50508,1403,2024-04-24,Animation,Mobile,71,4
50470,1346,2024-08-13,Animation,Smart TV,82,4
52183,1314,2024-03-08,Comedy,Laptop,36,4
52000,1348,2024-08-18,Drama,Smart TV,64,5
52863,1246,2024-07-30,Drama,Tablet,77,4
50397,1518,2024-07-22,Horror,Tablet,46,5
54847,1061,2024-05-03,Animation,Smart TV,55,5
51279,1014,2024-07-23,Comedy,Tablet,67,3
51774,1577,2024-03-13,Animation,Laptop,65,4
54010,1139,2024-05-02,Drama,Mobile,23,4
54784,1305,2024-05-08,Animation,Mobile,60,5
50671,1015,2024-01-13,Horror,Smart TV,79,5
50673,1492,2024-02-15,Romance,Smart TV,53,4
50595,1225,2024-05-20,Series,Smart TV,79,3
54598,1544,2024-06-19,Drama,Laptop,46,4
50082,1550,2024-02-06,Action,Smart TV,40,3
51075,1439,2024-03-31,Animation,Smart TV,85,4
51761,1577,2024-03-08,Drama,Smart TV,55,5
54422,1539,2024-01-28,Horror,Smart TV,97,4
51807,1497,2024-04-10,Series,Mobile,72,4
52519,1384,2024-05-14,Action,Mobile,77,4
52245,1350,2024-07-25,Action,Mobile,74,5
53617,1026,2024-07-05,Action,Smart TV,60,1
54956,1137,2024-02-07,Documentary,Tablet,54,4
53073,1037,2024-03-02,Drama,Tablet,106,4
53907,1527,2024-07-18,Animation,Smart TV,22,2
53174,1232,2024-03-20,Comedy,Smart TV,53,4
51630,1215,2024-04-10,Horror,Laptop,51,4
52099,1234,2024-03-12,Romance,Smart TV,35,5
50657,1347,2024-06-10,Action,Mobile,28,2
51841,1430,2024-08-17,Horror,Tablet,88,4
53964,1326,2024-06-15,Documentary,Smart TV,58,5
51176,1492,2024-07-14,Documentary,Laptop,48,3
53679,1317,2024-03-14,Romance,Smart TV,73,5
50557,1398,2024-07-30,Documentary,Laptop,91,4
50246,1166,2024-04-20,Documentary,Mobile,15,5
53133,1575,2024-07-08,Drama,Smart TV,51,5
52243,1291,2024-07-05,Documentary,Laptop,61,4
51217,1346,2024-07-29,Romance,Smart TV,54,5
50589,1477,2024-05-20,Romance,Mobile,21,5
53735,1274,2024-05-27,Romance,Smart TV,18,5
53434,1261,2024-03-16,Documentary,Smart TV,86,4
53061,1554,2024-07-13,Action,Laptop,40,3
53993,1458,2024-06-08,Documentary,Mobile,40,5
50463,1296,2024-01-07,Action,Tablet,118,4
51290,1281,2024-07-08,Action,Mobile,102,4
54853,1239,2024-01-21,Horror,Laptop,39,5
51193,1008,2024-02-27,Series,Laptop,51,4
52062,1585,2024-07-25,Drama,Tablet,73,4
53926,1342,2024-07-24,Horror,Mobile,91,4
50864,1296,2024-04-04,Animation,Smart TV,88,4
54846,1029,2024-07-16,Animation,Smart TV,23,4
54383,1160,2024-08-25,Drama,Mobile,57,5
51524,1207,2024-02-05,Action,Mobile,66,3
53363,1579,2024-04-26,Romance,Mobile,91,4
51495,1477,2024-03-29,Romance,Laptop,63,4
53424,1053,2024-06-30,Animation,Tablet,96,5
53195,1185,2024-07-21,Romance,Smart TV,56,4
54665,1597,2024-05-22,Animation,Smart TV,62,3
50515,1017,2024-01-22,Romance,Tablet,63,4
52937,1235,2024-05-24,Action,Laptop,39,4
53795,1562,2024-07-29,Animation,Smart TV,25,4
51502,1260,2024-03-25,Series,Mobile,44,4
54593,1103,2024-02-12,Drama,Mobile,49,1
52507,1341,2024-03-27,Documentary,Laptop,64,4
52545,1472,2024-04-20,Series,Laptop,47,5
53240,1529,2024-05-28,Action,Smart TV,9,5
52020,1273,2024-02-12,Documentary,Laptop,38,3
54314,1102,2024-02-21,Horror,Tablet,11,5
53911,1069,2024-03-17,Documentary,Tablet,101,4
52227,1192,2024-01-05,Horror,Smart TV,34,3
50527,1569,2024-01-12,Comedy,Mobile,75,4
52925,1591,2024-08-26,Action,Smart TV,66,3
50239,1136,2024-07-08,Series,Smart TV,63,5
51542,1263,2024-05-31,Horror,Mobile,32,1
50356,1176,2024-04-13,Comedy,Smart TV,20,3
53791,1367,2024-02-06,Documentary,Smart TV,74,4
50630,1327,2024-02-03,Horror,Mobile,82,4
54576,1178,2024-02-15,Drama,Smart TV,39,4
50346,1085,2024-05-18,Romance,Smart TV,39,3
50058,1499,2024-03-08,Documentary,Laptop,29,3
54452,1476,2024-04-12,Action,Laptop,5,3
53252,1423,2024-03-01,Series,Smart TV,83,5
54906,1583,2024-05-18,Animation,Tablet,61,1
50162,1026,2024-07-27,Action,Smart TV,29,4
53088,1188,2024-01-21,Romance,Smart TV,53,4
54301,1477,2024-02-12,Horror,Laptop,38,4
50725,1300,2024-01-24,Action,Tablet,10,4
52387,1419,2024-07-28,Drama,Smart TV,47,5
50765,1113,2024-03-31,Action,Laptop,27,5
51196,1582,2024-08-06,Action,Smart TV,101,4
52010,1525,2024-08-12,Documentary,Mobile,75,5
51108,1511,2024-01-20,Comedy,Laptop,66,4
52481,1398,2024-07-25,Horror,Mobile,49,4
51419,1225,2024-07-31,Series,Tablet,85,5
54662,1568,2024-07-25,Documentary,Mobile,90,4
50369,1051,2024-05-21,Animation,Smart TV,41,4
51881,1176,2024-01-21,Animation,Smart TV,117,4
50350,1547,2024-06-13,Series,Smart TV,73,4
54008,1153,2024-03-15,Series,Tablet,52,3
51837,1301,2024-02-18,Comedy,Mobile,110,5
51469,1248,2024-02-21,Documentary,Mobile,73,1
54751,1343,2024-07-09,Horror,Smart TV,22,3
50817,1270,2024-03-26,Documentary,Laptop,49,5
53754,1291,2024-08-08,Comedy,Laptop,73,1
53880,1124,2024-03-30,Horror,Tablet,6,5
52390,1599,2024-03-04,Drama,Laptop,27,4
53192,1481,2024-04-29,Drama,Smart TV,37,4
51322,1386,2024-01-26,Series,Tablet,47,4
50445,1541,2024-01-03,Series,Tablet,65,3
51897,1065,2024-06-03,Comedy,Mobile,101,3
50457,1465,2024-04-26,Horror,Mobile,53,3
54765,1110,2024-02-06,Series,Laptop,105,4
51994,1596,2024-05-18,Romance,Mobile,54,4
54885,1570,2024-05-06,Drama,Smart TV,37,5
51815,1501,2024-07-29,Horror,Mobile,5,1
52185,1163,2024-08-08,Series,Tablet,40,4
52164,1434,2024-07-16,Drama,Mobile,63,4
51507,1101,2024-08-18,Romance,Smart TV,56,5
52524,1041,2024-01-07,Animation,Smart TV,54,3
53370,1094,2024-05-06,Series,Smart TV,69,4
51653,1396,2024-02-09,Horror,Smart TV,76,5
51050,1084,2024-02-23,Drama,Smart TV,43,5
52345,1461,2024-01-31,Romance,Laptop,79,4
52480,1486,2024-03-29,Action,Laptop,59,5
54759,1392,2024-05-18,Documentary,Smart TV,57,4
50214,1001,2024-07-12,Romance,Laptop,63,5
51178,1555,2024-02-26,Horror,Mobile,33,4
54258,1327,2024-01-13,Romance,Laptop,66,2
50720,1158,2024-03-30,Animation,Laptop,60,5
51323,1563,2024-01-09,Series,Smart TV,97,5
53311,1391,2024-07-25,Drama,Mobile,67,4
52877,1307,2024-08-16,Romance,Tablet,29,5
52701,1428,2024-08-07,Horror,Smart TV,61,4
54120,1431,2024-06-25,Animation,Mobile,64,4
54143,1288,2024-03-10,Action,Tablet,82,3
54626,1202,2024-02-15,Documentary,Laptop,45,4
52973,1244,2024-07-18,Romance,Laptop,30,5
50550,1187,2024-03-12,Series,Mobile,49,4
54324,1293,2024-06-02,Horror,Mobile,38,4
52383,1267,2024-07-30,Documentary,Mobile,7,4
53049,1121,2024-01-03,Documentary,Laptop,73,2
50311,1273,2024-06-27,Animation,Laptop,19,4
52261,1517,2024-05-10,Horror,Mobile,42,4
53825,1309,2024-04-10,Romance,Smart TV,47,5
52943,1219,2024-03-27,Animation,Tablet,68,4
54036,1317,2024-05-05,Romance,Laptop,77,2
50843,1505,2024-05-20,Romance,Smart TV,5,5
52748,1120,2024-06-10,Series,Laptop,46,4
53153,1318,2024-05-03,Action,Smart TV,64,1
51483,1094,2024-04-03,Horror,Laptop,54,5
54283,1598,2024-02-21,Documentary,Laptop,12,4
52403,1048,2024-05-23,Romance,Mobile,72,4
52753,1569,2024-02-14,Drama,Tablet,58,3
54481,1041,2024-01-24,Series,Mobile,94,3
51540,1553,2024-01-20,Action,Smart TV,26,4
54635,1353,2024-08-10,Documentary,Laptop,32,5
53933,1034,2024-05-20,Comedy,Tablet,26,5
53567,1173,2024-05-07,Romance,Smart TV,52,5
54965,1199,2024-02-17,Horror,Smart TV,82,5
51182,1219,2024-02-18,Comedy,Laptop,81,5
52131,1124,2024-01-06,Horror,Smart TV,29,5
54904,1361,2024-07-09,Action,Mobile,22,5
52377,1537,2024-04-02,Animation,Smart TV,85,4
51667,1483,2024-07-20,Drama,Smart TV,53,3
50731,1338,2024-02-27,Series,Smart TV,56,5
51458,1578,2024-01-14,Series,Smart TV,77,5
52723,1373,2024-03-03,Action,Laptop,67,4
50868,1033,2024-06-19,Animation,Laptop,83,5
53303,1549,2024-03-17,Horror,Laptop,104,5
53327,1245,2024-08-12,Horror,Tablet,26,4
53302,1168,2024-06-20,Romance,Smart TV,10,4
50860,1173,2024-04-20,Action,Smart TV,56,4
54560,1343,2024-05-17,Romance,Smart TV,59,4
53495,1154,2024-08-24,Series,Mobile,26,3
54355,1491,2024-01-24,Romance,Laptop,54,4
52531,1401,2024-01-25,Action,Smart TV,62,4
50063,1528,2024-01-20,Horror,Mobile,80,5
54329,1485,2024-03-06,Drama,Tablet,25,5
50784,1198,2024-02-07,Animation,Smart TV,96,5
53950,1539,2024-04-01,Comedy,Mobile,61,4
51264,1011,2024-04-17,Romance,Tablet,72,4
52784,1441,2024-05-17,Comedy,Mobile,15,5
53794,1220,2024-02-23,Animation,Smart TV,59,4
51958,1319,2024-03-01,Action,Laptop,61,4
54832,1244,2024-03-23,Animation,Smart TV,46,4
50701,1282,2024-05-18,Action,Laptop,8,4
53677,1566,2024-07-07,Drama,Smart TV,80,3
54752,1180,2024-01-19,Animation,Smart TV,94,4
54022,1479,2024-01-30,Comedy,Mobile,42,5
53802,1553,2024-05-09,Documentary,Laptop,77,4
50785,1208,2024-01-09,Documentary,Tablet,35,4
54032,1436,2024-06-02,Action,Mobile,49,5
51926,1503,2024-07-19,Romance,Laptop,72,5
51867,1277,2024-06-27,Drama,Laptop,108,3
54028,1284,2024-01-14,Horror,Mobile,5,4
53232,1543,2024-04-17,Documentary,Laptop,37,4
54409,1209,2024-08-07,Documentary,Smart TV,74,5
50501,1010,2024-07-06,Drama,Smart TV,7,4
52864,1382,2024-04-24,Animation,Smart TV,76,3
52035,1074,2024-02-11,Horror,Laptop,15,4
50411,1387,2024-08-22,Action,Smart TV,21,5
52284,1105,2024-03-03,Drama,Smart TV,5,5
50183,1293,2024-08-04,Drama,Smart TV,13,4
53462,1109,2024-07-14,Animation,Mobile,64,4
52470,1282,2024-04-03,Animation,Mobile,51,4
53384,1354,2024-03-04,Animation,Smart TV,92,3
52829,1209,2024-05-11,Drama,Laptop,37,5
54476,1452,2024-06-14,Series,Smart TV,34,5
54128,1276,2024-01-25,Action,Mobile,33,4
51670,1539,2024-07-29,Series,Mobile,56,5
53172,1197,2024-02-09,Action,Smart TV,41,5
54620,1081,2024-03-24,Series,Tablet,86,5
53343,1195,2024-02-24,Romance,Laptop,10,2
53896,1531,2024-07-13,Animation,Tablet,110,3
54126,1202,2024-03-13,Comedy,Smart TV,39,4
52385,1228,2024-03-30,Animation,Mobile,39,4
52984,1155,2024-08-02,Horror,Tablet,41,3
52335,1478,2024-07-10,Series,Mobile,86,4
51394,1167,2024-08-18,Series,Smart TV,30,4
52024,1342,2024-05-11,Romance,Laptop,41,5
54003,1003,2024-01-09,Romance,Mobile,18,4
54023,1351,2024-03-26,Comedy,Smart TV,48,5
53978,1458,2024-03-14,Animation,Mobile,59,3
50981,1475,2024-03-16,Documentary,Mobile,83,4
51492,1150,2024-08-01,Action,Smart TV,31,3
50552,1474,2024-06-23,Horror,Tablet,69,5
54818,1500,2024-02-04,Action,Laptop,72,1
50637,1344,2024-01-02,Action,Mobile,28,2
52003,1569,2024-02-07,Comedy,Laptop,97,3
50460,1037,2024-05-24,Horror,Laptop,106,3
54717,1465,2024-01-03,Animation,Laptop,70,4
51433,1530,2024-01-11,Comedy,Smart TV,42,4
52719,1240,2024-07-05,Drama,Mobile,56,3
53210,1448,2024-02-10,Action,Laptop,10,2
53834,1082,2024-02-23,Horror,Tablet,66,4
51224,1031,2024-05-02,Horror,Smart TV,41,5
52025,1344,2024-01-20,Comedy,Laptop,67,5
50590,1479,2024-03-05,Romance,Smart TV,91,4
53184,1347,2024-08-20,Animation,Mobile,50,2
50599,1237,2024-01-31,Horror,Smart TV,112,4
50322,1038,2024-05-07,Comedy,Laptop,61,4
54979,1289,2024-05-07,Animation,Smart TV,28,5
51054,1535,2024-03-18,Horror,Mobile,42,4
52707,1285,2024-07-03,Comedy,Mobile,38,5
51399,1273,2024-01-18,Romance,Laptop,32,1
51871,1173,2024-07-10,Romance,Mobile,127,5
52967,1454,2024-01-19,Horror,Laptop,39,1
51756,1260,2024-03-13,Romance,Smart TV,72,5
50829,1436,2024-04-24,Comedy,Laptop,19,4
53352,1584,2024-04-09,Drama,Laptop,73,5
54843,1176,2024-08-08,Drama,Mobile,22,4
53753,1414,2024-03-30,Series,Smart TV,36,5
52589,1078,2024-04-28,Comedy,Laptop,35,2
50724,1133,2024-08-27,Animation,Laptop,48,5
54145,1150,2024-05-14,Romance,Laptop,55,5
52401,1368,2024-01-29,Romance,Smart TV,117,4
52900,1396,2024-05-02,Action,Tablet,28,5
51998,1376,2024-03-13,Romance,Laptop,19,4
50142,1007,2024-06-21,Documentary,Laptop,37,3
54429,1484,2024-05-12,Horror,Mobile,46,5
51554,1307,2024-07-24,Horror,Mobile,55,4
52163,1540,2024-01-06,Animation,Tablet,69,1
50280,1548,2024-07-24,Comedy,Smart TV,69,4
54097,1353,2024-01-24,Comedy,Smart TV,84,4
54907,1527,2024-07-08,Series,Mobile,28,4
51043,1017,2024-04-14,Romance,Laptop,83,4
53961,1251,2024-05-04,Series,Laptop,44,4
50916,1544,2024-04-22,Romance,Tablet,86,4
51580,1441,2024-04-11,Action,Smart TV,5,4
53474,1550,2024-04-12,Action,Tablet,61,5
52658,1437,2024-06-19,Documentary,Laptop,73,4
53078,1150,2024-04-15,Series,Laptop,67,3
53901,1291,2024-04-30,Documentary,Smart TV,68,5
52315,1529,2024-02-24,Drama,Laptop,5,4
53417,1182,2024-08-06,Animation,Mobile,40,5
53426,1271,2024-02-23,Romance,Smart TV,73,4
51607,1425,2024-03-10,Animation,Smart TV,39,4
53872,1116,2024-05-20,Action,Laptop,20,5
52523,1454,2024-03-20,Comedy,Smart TV,81,4
51080,1383,2024-01-21,Animation,Smart TV,95,4
51221,1312,2024-01-13,Comedy,Mobile,57,4
54357,1232,2024-02-14,Drama,Tablet,31,5
54412,1076,2024-05-11,Drama,Smart TV,25,5
54865,1259,2024-03-17,Action,Smart TV,25,3
50256,1413,2024-08-25,Action,Mobile,81,4
54173,1493,2024-04-17,Action,Smart TV,49,5
50094,1154,2024-07-15,Romance,Smart TV,78,3
50989,1567,2024-03-27,Animation,Laptop,5,2
53405,1317,2024-07-04,Documentary,Smart TV,95,5
51147,1013,2024-03-28,Comedy,Smart TV,76,4
51840,1387,2024-08-22,Animation,Mobile,5,5
54333,1504,2024-06-26,Horror,Smart TV,82,4
54984,1064,2024-04-25,Drama,Laptop,61,3
50146,1524,2024-08-28,Drama,Laptop,61,1
54075,1233,2024-04-26,Documentary,Smart TV,49,5
52522,1335,2024-06-12,Horror,Mobile,38,4
54553,1588,2024-07-13,Series,Laptop,24,5
51594,1499,2024-07-26,Action,Laptop,17,4
52144,1148,2024-03-21,Action,Laptop,11,5
54393,1598,2024-07-19,Action,Laptop,73,4
50208,1365,2024-02-03,Animation,Mobile,56,4
53684,1107,2024-08-18,Comedy,Mobile,5,1
52889,1283,2024-04-09,Series,Smart TV,10,2
52056,1111,2024-04-20,Documentary,Smart TV,40,4
53750,1228,2024-08-09,Drama,Mobile,65,5
51637,1382,2024-07-10,Documentary,Smart TV,85,5
54407,1328,2024-07-02,Comedy,Laptop,40,4
53500,1469,2024-06-12,Documentary,Laptop,47,4
53492,1257,2024-02-02,Action,Laptop,41,4
52942,1476,2024-05-11,Animation,Mobile,11,4
54911,1599,2024-08-19,Animation,Laptop,7,5
53899,1464,2024-03-01,Documentary,Smart TV,5,5
54953,1173,2024-07-01,Drama,Laptop,67,4
54370,1512,2024-03-03,Romance,Laptop,95,3
50255,1138,2024-05-31,Animation,Laptop,16,5
54942,1274,2024-07-15,Action,Laptop,23,4
53977,1063,2024-01-03,Series,Mobile,28,4
53420,1564,2024-05-09,Drama,Smart TV,57,5
53439,1377,2024-04-03,Romance,Smart TV,54,5
54551,1143,2024-08-19,Series,Laptop,57,4
53124,1562,2024-08-23,Romance,Laptop,61,5
52725,1033,2024-04-12,Documentary,Mobile,30,2
53355,1300,2024-07-17,Animation,Laptop,67,4
50878,1276,2024-08-15,Horror,Laptop,84,1
51301,1401,2024-04-15,Action,Laptop,35,4
53934,1550,2024-03-09,Comedy,Mobile,81,3
54850,1284,2024-03-05,Romance,Tablet,40,5
52111,1199,2024-03-02,Horror,Mobile,55,1
51064,1201,2024-01-16,Comedy,Mobile,95,5
53258,1416,2024-08-10,Series,Smart TV,43,4
50244,1411,2024-05-04,Action,Laptop,41,4
52471,1575,2024-03-06,Action,Mobile,55,4
54653,1195,2024-03-16,Horror,Laptop,20,5
50006,1486,2024-03-21,Comedy,Smart TV,45,5
53043,1285,2024-02-23,Drama,Smart TV,21,4
52667,1006,2024-05-06,Action,Mobile,16,5
54572,1337,2024-03-08,Animation,Mobile,49,4
52267,1498,2024-05-20,Animation,Smart TV,46,5
54732,1473,2024-08-22,Animation,Laptop,69,3
52435,1084,2024-07-17,Romance,Smart TV,130,5
50643,1515,2024-08-20,Comedy,Laptop,11,4
54547,1235,2024-01-11,Action,Tablet,35,4
50422,1272,2024-07-16,Series,Smart TV,28,5
51923,1273,2024-08-15,Romance,Laptop,18,3
51452,1208,2024-08-23,Horror,Laptop,88,4
51677,1397,2024-01-19,Animation,Laptop,66,4
52256,1059,2024-08-07,Drama,Smart TV,12,5
50288,1241,2024-03-23,Animation,Mobile,33,4
51569,1260,2024-02-15,Comedy,Smart TV,57,2
52137,1384,2024-02-08,Horror,Tablet,106,5
53902,1313,2024-08-20,Drama,Tablet,81,4
51960,1483,2024-03-31,Drama,Laptop,72,3
50596,1565,2024-07-08,Series,Mobile,84,3
51088,1366,2024-02-05,Action,Smart TV,17,4
50751,1572,2024-08-11,Horror,Smart TV,77,4
52007,1238,2024-05-16,Action,Laptop,56,4
52147,1269,2024-03-07,Romance,Laptop,11,5
54574,1552,2024-01-21,Series,Mobile,23,5
54729,1033,2024-01-09,Comedy,Smart TV,5,5
50248,1106,2024-08-03,Animation,Tablet,116,5
51529,1093,2024-05-24,Action,Laptop,83,5
53290,1354,2024-01-20,Horror,Tablet,76,2
51602,1081,2024-08-24,Horror,Smart TV,81,4
54292,1032,2024-08-15,Action,Mobile,68,3
51494,1201,2024-02-07,Action,Smart TV,59,1
51411,1322,2024-05-23,Action,Mobile,44,5
50655,1077,2024-07-30,Romance,Smart TV,69,5
51610,1343,2024-01-05,Horror,Smart TV,64,5
50825,1386,2024-02-18,Action,Smart TV,52,5
54385,1104,2024-05-25,Action,Smart TV,60,4
53764,1246,2024-07-17,Series,Laptop,60,3
53040,1001,2024-03-06,Horror,Laptop,44,4
51615,1465,2024-01-03,Documentary,Laptop,32,3
50794,1252,2024-02-27,Comedy,Smart TV,34,4
53513,1055,2024-02-24,Action,Smart TV,44,4
52842,1224,2024-01-26,Romance,Smart TV,48,5
54820,1012,2024-07-17,Horror,Mobile,7,5
54442,1037,2024-03-26,Series,Mobile,35,3
53984,1058,2024-03-15,Horror,Tablet,93,5
53856,1234,2024-05-31,Drama,Mobile,12,4
54664,1344,2024-08-02,Action,Tablet,5,1
52896,1117,2024-03-11,Documentary,Smart TV,5,4
51526,1142,2024-04-11,Drama,Mobile,51,1
52489,1420,2024-01-14,Horror,Smart TV,81,4
50450,1196,2024-01-07,Series,Laptop,43,5
50428,1261,2024-05-04,Comedy,Tablet,25,3
51501,1063,2024-07-17,Action,Smart TV,40,3
51296,1220,2024-08-19,Drama,Tablet,62,3
54492,1429,2024-01-29,Horror,Smart TV,20,5
53888,1158,2024-02-08,Horror,Laptop,81,4
54344,1365,2024-04-28,Romance,Laptop,20,3
51964,1316,2024-06-28,Romance,Smart TV,35,5
52130,1198,2024-07-16,Comedy,Laptop,87,4
52988,1245,2024-03-28,Romance,Mobile,90,2
50734,1326,2024-03-02,Romance,Mobile,57,5
51266,1305,2024-05-27,Comedy,Laptop,72,5
50002,1235,2024-01-12,Horror,Mobile,12,4
53054,1249,2024-01-03,Documentary,Tablet,42,4
54899,1338,2024-04-19,Comedy,Smart TV,51,4
54457,1010,2024-04-20,Animation,Tablet,73,2
53253,1369,2024-04-13,Animation,Smart TV,26,4
51946,1488,2024-08-01,Animation,Mobile,28,4
53960,1264,2024-06-17,Action,Laptop,15,4
54804,1268,2024-02-19,Documentary,Mobile,44,4
52436,1553,2024-06-23,Romance,Mobile,77,5
54331,1531,2024-04-25,Comedy,Mobile,33,4
54334,1578,2024-07-14,Horror,Mobile,64,4
52961,1191,2024-01-08,Action,Smart TV,22,2
53560,1557,2024-06-03,Comedy,Mobile,46,3
52758,1494,2024-08-13,Comedy,Smart TV,78,5
50306,1152,2024-03-08,Animation,Mobile,54,5
54031,1265,2024-03-25,Series,Smart TV,11,5
51603,1120,2024-04-23,Series,Smart TV,5,5
53220,1479,2024-06-05,Documentary,Smart TV,72,5
50089,1161,2024-07-12,Animation,Smart TV,79,5
51702,1068,2024-06-17,Horror,Laptop,31,3
52654,1490,2024-08-14,Drama,Mobile,34,4
54680,1018,2024-06-14,Drama,Mobile,35,4
53952,1546,2024-05-18,Animation,Smart TV,27,4
50451,1216,2024-02-23,Drama,Laptop,84,4
53216,1510,2024-05-09,Horror,Smart TV,95,4
53162,1474,2024-05-12,Drama,Mobile,86,5
54581,1476,2024-07-23,Comedy,Laptop,5,4
52824,1107,2024-02-27,Action,Tablet,59,4
53421,1145,2024-08-02,Action,Smart TV,117,4
53275,1507,2024-06-06,Horror,Laptop,8,4
51070,1025,2024-08-12,Action,Smart TV,37,3
54386,1526,2024-01-26,Animation,Mobile,33,5
53972,1564,2024-02-01,Comedy,Smart TV,12,4
51146,1142,2024-07-26,Romance,Smart TV,68,2
51710,1233,2024-02-29,Romance,Smart TV,98,4
53623,1071,2024-01-17,Comedy,Smart TV,131,4
52786,1115,2024-01-04,Romance,Smart TV,56,5
53037,1138,2024-08-10,Comedy,Mobile,35,4
54809,1140,2024-01-29,Drama,Smart TV,33,5
54822,1451,2024-04-05,Animation,Mobile,46,1
51577,1027,2024-01-17,Animation,Laptop,38,5
50380,1554,2024-01-24,Documentary,Laptop,79,5
51533,1421,2024-05-24,Comedy,Smart TV,37,5
51130,1077,2024-01-22,Series,Laptop,99,5
50485,1194,2024-04-10,Series,Smart TV,57,5
54049,1461,2024-08-15,Romance,Mobile,52,3
50836,1111,2024-06-27,Action,Mobile,23,4
50807,1324,2024-04-16,Romance,Mobile,56,5
53408,1017,2024-05-01,Animation,Mobile,38,4
53769,1256,2024-04-13,Horror,Smart TV,82,4
53325,1467,2024-07-11,Series,Smart TV,80,5
50370,1463,2024-05-21,Horror,Smart TV,80,5
50544,1285,2024-05-27,Documentary,Mobile,44,5
54764,1582,2024-08-24,Comedy,Smart TV,45,5
53389,1529,2024-07-21,Series,Smart TV,83,3
52417,1589,2024-01-26,Comedy,Mobile,63,5
50661,1102,2024-03-26,Romance,Smart TV,56,4
52867,1067,2024-04-26,Comedy,Laptop,67,4
53242,1403,2024-06-01,Comedy,Laptop,36,4
51909,1171,2024-04-01,Animation,Mobile,56,4
53081,1194,2024-08-21,Series,Mobile,28,5
53874,1474,2024-01-17,Action,Mobile,84,3
54382,1304,2024-06-26,Series,Tablet,65,5
52430,1373,2024-01-18,Documentary,Mobile,49,2
53855,1318,2024-06-06,Romance,Smart TV,69,2
53182,1497,2024-08-07,Documentary,Laptop,35,3
52389,1129,2024-08-16,Comedy,Tablet,55,2
54996,1433,2024-05-15,Horror,Smart TV,64,4
52972,1182,2024-08-14,Romance,Smart TV,67,4
54449,1317,2024-02-17,Series,Smart TV,64,4
54687,1558,2024-04-02,Animation,Laptop,104,3
51605,1085,2024-01-25,Comedy,Smart TV,49,4
51041,1062,2024-07-12,Comedy,Mobile,16,4
51073,1161,2024-02-13,Series,Smart TV,38,4
52444,1063,2024-03-07,Comedy,Laptop,20,3
52309,1068,2024-05-02,Animation,Laptop,28,5
54646,1485,2024-08-11,Documentary,Laptop,80,3
50468,1270,2024-01-20,Action,Mobile,99,4
53280,1483,2024-01-16,Comedy,Laptop,15,5
50664,1181,2024-08-23,Animation,Mobile,12,4
50987,1269,2024-08-08,Drama,Laptop,56,2
52994,1558,2024-08-12,Comedy,Laptop,93,5
53347,1533,2024-08-05,Horror,Tablet,83,5
52054,1567,2024-02-05,Action,Mobile,52,5
52588,1488,2024-03-15,Action,Laptop,100,4
50115,1339,2024-06-27,Romance,Mobile,29,4
50886,1323,2024-03-15,Romance,Smart TV,39,5
52604,1136,2024-04-22,Comedy,Tablet,78,4
51817,1343,2024-07-15,Animation,Laptop,16,4
50476,1199,2024-03-16,Horror,Mobile,42,4
51245,1366,2024-04-01,Series,Smart TV,57,5
54742,1189,2024-01-28,Romance,Laptop,50,3
53601,1148,2024-03-21,Comedy,Mobile,14,5
53620,1188,2024-05-18,Series,Laptop,90,4
51877,1511,2024-06-19,Action,Laptop,64,3
50070,1278,2024-03-26,Series,Smart TV,114,5
50430,1132,2024-01-26,Series,Tablet,42,2
52126,1521,2024-03-17,Action,Mobile,72,4
54811,1192,2024-07-19,Animation,Smart TV,39,3
50078,1332,2024-07-11,Animation,Smart TV,80,5
53974,1095,2024-02-01,Comedy,Tablet,96,4
53300,1530,2024-03-23,Series,Mobile,45,5
54501,1469,2024-04-08,Comedy,Smart TV,5,5
51331,1022,2024-01-06,Drama,Tablet,61,4
50340,1264,2024-01-21,Comedy,Laptop,88,4
54156,1462,2024-04-14,Comedy,Tablet,59,4
51574,1226,2024-05-06,Documentary,Tablet,54,5
50591,1411,2024-02-16,Comedy,Laptop,44,5
52629,1270,2024-04-05,Series,Laptop,75,5
51582,1142,2024-06-07,Action,Mobile,87,4
52623,1318,2024-05-13,Horror,Laptop,14,4
53916,1152,2024-04-16,Documentary,Smart TV,87,5
51180,1581,2024-05-23,Series,Laptop,88,5
52347,1315,2024-02-14,Horror,Mobile,69,3
53247,1233,2024-01-21,Drama,Smart TV,121,5
51795,1037,2024-07-31,Animation,Laptop,43,4
53090,1025,2024-05-18,Horror,Laptop,92,4
51249,1196,2024-07-10,Documentary,Mobile,49,5
50816,1168,2024-07-27,Action,Mobile,59,1
51727,1556,2024-04-20,Horror,Laptop,22,5
53127,1574,2024-08-26,Comedy,Laptop,82,4
54615,1041,2024-01-30,Series,Laptop,60,5
52568,1398,2024-02-21,Documentary,Tablet,42,3
50727,1048,2024-07-10,Animation,Smart TV,44,3
51435,1177,2024-04-10,Documentary,Smart TV,27,5
53483,1381,2024-03-03,Comedy,Mobile,56,4
54806,1177,2024-04-07,Documentary,Smart TV,41,4
52858,1160,2024-05-06,Horror,Mobile,52,5
54380,1449,2024-03-31,Comedy,Mobile,62,4
51424,1039,2024-04-30,Action,Mobile,67,5
54448,1193,2024-07-06,Animation,Smart TV,43,4
54916,1222,2024-06-03,Documentary,Mobile,34,4
53571,1272,2024-05-21,Documentary,Smart TV,47,4
54211,1124,2024-03-06,Horror,Mobile,25,4
50555,1577,2024-06-08,Comedy,Smart TV,114,4
53522,1348,2024-03-29,Documentary,Mobile,42,4
52769,1029,2024-02-27,Series,Smart TV,108,5
53144,1056,2024-03-20,Comedy,Laptop,93,4
53989,1445,2024-08-02,Action,Laptop,97,5
51771,1019,2024-06-16,Romance,Laptop,111,4
54655,1076,2024-01-03,Romance,Laptop,123,4
53046,1571,2024-02-12,Animation,Mobile,58,5
52092,1044,2024-07-07,Romance,Laptop,41,4
51155,1207,2024-04-29,Romance,Smart TV,73,5
51428,1282,2024-01-31,Action,Smart TV,37,5
54300,1389,2024-05-05,Horror,Laptop,52,5
51826,1072,2024-07-26,Animation,Smart TV,9,5
51165,1486,2024-06-11,Animation,Tablet,85,2
50296,1005,2024-04-29,Romance,Mobile,42,4
54735,1029,2024-06-30,Drama,Smart TV,50,3
50165,1062,2024-04-29,Horror,Mobile,38,4
52006,1017,2024-03-29,Action,Smart TV,7,5
50902,1194,2024-05-12,Series,Tablet,85,4
50391,1564,2024-01-14,Romance,Laptop,17,1
53244,1325,2024-05-01,Drama,Smart TV,19,3
53148,1205,2024-03-11,Comedy,Mobile,57,3
53997,1391,2024-06-12,Drama,Smart TV,83,5
53346,1076,2024-06-29,Documentary,Laptop,77,5
50443,1295,2024-02-11,Documentary,Smart TV,43,4
50736,1598,2024-05-09,Horror,Tablet,55,5
53749,1152,2024-03-15,Romance,Smart TV,73,4
51361,1272,2024-07-11,Action,Laptop,110,2
50952,1132,2024-07-18,Horror,Tablet,80,4
51097,1320,2024-02-18,Comedy,Smart TV,57,4
54864,1152,2024-03-06,Action,Smart TV,48,5
54681,1177,2024-01-04,Comedy,Smart TV,36,4
52301,1368,2024-08-06,Series,Smart TV,112,5
53734,1011,2024-03-21,Animation,Mobile,23,5
50049,1365,2024-01-31,Action,Smart TV,35,4
52706,1211,2024-08-02,Documentary,Laptop,52,3
52642,1425,2024-01-15,Animation,Laptop,55,5
52186,1165,2024-02-11,Animation,Smart TV,21,4
50742,1036,2024-02-26,Documentary,Laptop,35,5
54404,1298,2024-02-09,Action,Smart TV,24,2
53010,1384,2024-03-24,Documentary,Mobile,96,4
51326,1038,2024-04-22,Comedy,Mobile,58,5
50685,1082,2024-07-29,Comedy,Laptop,56,2
54998,1202,2024-04-08,Comedy,Tablet,61,4
51312,1288,2024-05-01,Comedy,Laptop,73,5
52060,1317,2024-03-02,Action,Laptop,118,3
52331,1475,2024-06-05,Documentary,Laptop,43,5
54054,1236,2024-03-19,Documentary,Laptop,53,5
54435,1545,2024-02-16,Documentary,Laptop,40,2
53670,1242,2024-06-27,Drama,Smart TV,44,4
54266,1481,2024-02-16,Comedy,Tablet,81,4
52291,1087,2024-06-26,Documentary,Mobile,66,3
51376,1473,2024-08-14,Action,Laptop,29,5
50548,1356,2024-06-01,Series,Laptop,92,5
51294,1132,2024-01-30,Horror,Mobile,75,4
53541,1034,2024-06-27,Animation,Smart TV,35,4
53205,1453,2024-03-18,Series,Smart TV,45,4
51716,1311,2024-01-23,Drama,Laptop,37,5
53345,1486,2024-06-06,Drama,Laptop,83,1
51616,1473,2024-01-17,Comedy,Tablet,80,4
53228,1148,2024-01-14,Series,Mobile,25,5
54519,1490,2024-06-16,Horror,Laptop,53,5
50261,1401,2024-05-14,Series,Tablet,66,3
53487,1322,2024-03-20,Series,Smart TV,27,4
54209,1066,2024-04-23,Comedy,Laptop,5,5
51133,1308,2024-06-24,Comedy,Laptop,55,4
52140,1517,2024-05-10,Comedy,Smart TV,82,4
53425,1163,2024-02-02,Action,Smart TV,5,5
50434,1300,2024-04-30,Animation,Laptop,5,4
51114,1177,2024-08-27,Horror,Tablet,24,5
51341,1231,2024-04-22,Animation,Laptop,51,2
54454,1589,2024-02-21,Horror,Smart TV,53,4
50984,1349,2024-02-06,Horror,Smart TV,28,5
51951,1498,2024-02-01,Horror,Smart TV,88,3
50506,1217,2024-07-25,Horror,Mobile,49,3
54232,1249,2024-05-21,Documentary,Smart TV,57,4
51778,1295,2024-02-19,Drama,Mobile,50,5
53091,1320,2024-05-06,Documentary,Mobile,88,4
52606,1540,2024-02-18,Romance,Smart TV,40,5
54313,1204,2024-02-09,Animation,Smart TV,58,5
54366,1249,2024-01-30,Horror,Laptop,13,3
54594,1373,2024-03-22,Romance,Laptop,72,4
54589,1525,2024-06-10,Documentary,Tablet,24,5
50913,1502,2024-06-20,Action,Laptop,70,4
54453,1119,2024-06-30,Horror,Smart TV,68,5
51821,1009,2024-01-27,Horror,Mobile,58,5
53723,1174,2024-02-04,Animation,Tablet,80,5
54575,1313,2024-01-22,Drama,Laptop,62,4
51593,1415,2024-04-01,Drama,Smart TV,48,5
52807,1586,2024-01-27,Action,Laptop,32,4
51357,1388,2024-08-24,Action,Mobile,23,3
52200,1129,2024-06-17,Drama,Smart TV,80,4
54558,1162,2024-03-09,Documentary,Tablet,58,4
50278,1257,2024-07-15,Animation,Mobile,45,3
52478,1094,2024-02-11,Romance,Mobile,88,4
50739,1440,2024-07-24,Series,Smart TV,28,5
53538,1160,2024-08-05,Romance,Smart TV,32,2
52950,1024,2024-07-13,Action,Mobile,89,5
51504,1020,2024-06-09,Animation,Tablet,66,5
50753,1064,2024-04-20,Horror,Smart TV,38,4
51873,1158,2024-05-17,Comedy,Smart TV,43,3
50771,1351,2024-03-30,Action,Laptop,70,4
53537,1569,2024-06-30,Drama,Laptop,33,5
54151,1397,2024-06-09,Comedy,Laptop,14,2
52438,1293,2024-05-10,Action,Smart TV,56,4
50957,1022,2024-06-11,Documentary,Laptop,66,4
54185,1319,2024-03-03,Comedy,Laptop,94,5
53266,1528,2024-01-19,Comedy,Mobile,86,3
52738,1019,2024-05-22,Action,Mobile,33,3
53845,1190,2024-03-29,Series,Mobile,20,4
53430,1090,2024-04-30,Series,Tablet,62,4
53908,1460,2024-04-18,Comedy,Tablet,78,5
50588,1307,2024-05-11,Action,Smart TV,44,5
51932,1170,2024-01-10,Romance,Smart TV,54,4
51383,1237,2024-06-16,Action,Mobile,65,4
50512,1395,2024-07-07,Comedy,Laptop,50,3
53782,1168,2024-07-19,Drama,Mobile,72,5
51049,1317,2024-05-19,Drama,Mobile,89,2
53783,1421,2024-03-11,Horror,Tablet,76,4
50889,1001,2024-04-25,Horror,Laptop,71,5
53206,1044,2024-01-10,Drama,Laptop,5,4
53281,1218,2024-02-08,Comedy,Mobile,17,4
52716,1509,2024-08-17,Romance,Smart TV,81,3
50083,1429,2024-08-28,Series,Mobile,64,5
51799,1023,2024-02-04,Animation,Smart TV,52,3
51547,1199,2024-05-06,Horror,Mobile,49,3
54760,1533,2024-08-10,Documentary,Tablet,70,4
51694,1290,2024-08-15,Animation,Smart TV,18,5
51930,1558,2024-05-25,Horror,Mobile,27,5
52852,1026,2024-08-15,Animation,Smart TV,73,5
53296,1056,2024-05-01,Comedy,Smart TV,86,3
52374,1147,2024-05-06,Series,Mobile,33,4
54634,1076,2024-06-03,Drama,Smart TV,136,5
54591,1198,2024-06-08,Action,Laptop,66,4
53036,1262,2024-05-15,Comedy,Laptop,66,2
54696,1493,2024-03-16,Comedy,Mobile,25,4
54498,1361,2024-03-04,Horror,Laptop,56,4
51438,1172,2024-01-16,Horror,Laptop,34,5
52283,1204,2024-05-26,Series,Laptop,95,3
53181,1206,2024-06-28,Romance,Laptop,25,4
54369,1267,2024-04-20,Documentary,Laptop,28,4
54972,1086,2024-01-17,Animation,Smart TV,26,5
53904,1458,2024-04-14,Comedy,Mobile,74,5
53840,1311,2024-02-25,Series,Laptop,5,4
52316,1101,2024-06-02,Comedy,Smart TV,28,5
50230,1255,2024-07-01,Series,Mobile,45,5
50018,1500,2024-01-03,Animation,Mobile,52,5
53507,1265,2024-04-04,Comedy,Mobile,70,5
50658,1502,2024-08-23,Comedy,Smart TV,53,2
53449,1104,2024-05-23,Horror,Mobile,76,5
50852,1385,2024-01-15,Series,Smart TV,95,3
54062,1033,2024-06-12,Documentary,Tablet,49,4
53895,1409,2024-07-17,Series,Smart TV,26,4
52342,1145,2024-06-22,Comedy,Smart TV,49,4
50885,1309,2024-03-22,Drama,Mobile,15,4
52704,1405,2024-06-25,Romance,Smart TV,77,3
52981,1224,2024-02-10,Drama,Laptop,27,2
51664,1231,2024-08-22,Series,Laptop,22,4
51728,1425,2024-05-16,Series,Smart TV,34,5
52510,1010,2024-07-13,Action,Mobile,40,5
51947,1447,2024-08-26,Romance,Smart TV,98,4
52370,1366,2024-05-10,Documentary,Tablet,71,3
51927,1359,2024-03-29,Documentary,Mobile,44,5
52639,1499,2024-05-28,Documentary,Mobile,5,4
54252,1521,2024-07-06,Animation,Laptop,76,5
51589,1514,2024-02-05,Series,Tablet,7,1
51083,1062,2024-02-25,Documentary,Smart TV,89,5
53519,1536,2024-08-11,Romance,Smart TV,69,5
54657,1524,2024-06-24,Romance,Mobile,30,1
54985,1335,2024-07-06,Documentary,Laptop,54,4
53340,1183,2024-01-05,Drama,Smart TV,40,5
54058,1261,2024-03-21,Horror,Mobile,10,5
53742,1391,2024-05-04,Animation,Smart TV,36,5
52530,1251,2024-05-14,Romance,Mobile,67,4
52957,1375,2024-02-22,Action,Smart TV,71,4
53914,1579,2024-01-28,Drama,Smart TV,57,4
50276,1294,2024-01-14,Animation,Mobile,29,3
50875,1597,2024-07-26,Documentary,Smart TV,89,5
50385,1582,2024-04-23,Documentary,Smart TV,88,4
51709,1105,2024-03-08,Animation,Mobile,18,4
54287,1224,2024-03-10,Series,Mobile,73,4
51401,1027,2024-06-17,Drama,Laptop,67,4
50390,1451,2024-07-07,Drama,Smart TV,28,3
51189,1351,2024-07-19,Romance,Mobile,70,4
52975,1342,2024-02-02,Animation,Mobile,9,4
52293,1558,2024-02-11,Romance,Tablet,90,4
50640,1238,2024-03-02,Series,Laptop,97,4
53624,1588,2024-07-12,Comedy,Smart TV,49,4
54186,1344,2024-07-06,Action,Mobile,92,4
51943,1536,2024-07-17,Documentary,Smart TV,57,4
52581,1191,2024-06-03,Romance,Laptop,69,5
53931,1443,2024-08-12,Horror,Mobile,108,5
52655,1227,2024-04-12,Action,Smart TV,70,4
51986,1024,2024-07-29,Horror,Smart TV,67,3
53200,1108,2024-06-04,Documentary,Mobile,18,5
52861,1426,2024-08-22,Comedy,Laptop,41,4
54349,1203,2024-07-28,Action,Mobile,75,4
51398,1464,2024-06-07,Documentary,Laptop,52,3
50598,1309,2024-03-23,Series,Smart TV,96,4
51792,1231,2024-03-07,Documentary,Laptop,29,4
51767,1579,2024-01-13,Documentary,Laptop,96,4
54727,1045,2024-08-27,Romance,Mobile,83,4
53844,1298,2024-03-25,Animation,Smart TV,46,4
52918,1436,2024-05-10,Series,Mobile,58,4
51262,1413,2024-02-06,Romance,Laptop,92,4
50423,1543,2024-06-14,Series,Smart TV,64,1
52473,1430,2024-07-26,Action,Mobile,38,4
52757,1297,2024-01-14,Documentary,Smart TV,39,3
50525,1075,2024-05-21,Horror,Mobile,59,4
52926,1512,2024-02-28,Documentary,Mobile,61,4
51167,1479,2024-02-10,Documentary,Smart TV,100,4
52742,1291,2024-06-05,Romance,Tablet,45,3
50182,1585,2024-07-30,Comedy,Laptop,37,4
53948,1244,2024-07-15,Animation,Laptop,38,4
53238,1065,2024-05-11,Horror,Laptop,19,5
50242,1205,2024-08-21,Drama,Mobile,47,4
51902,1448,2024-07-07,Action,Smart TV,47,4
51689,1584,2024-08-13,Horror,Smart TV,39,4
50157,1320,2024-07-16,Action,Mobile,57,4
52535,1254,2024-01-23,Animation,Mobile,17,3
54631,1432,2024-02-12,Drama,Laptop,99,5
53187,1531,2024-03-20,Documentary,Mobile,43,4
54636,1089,2024-07-12,Animation,Tablet,77,4
51888,1529,2024-03-08,Drama,Mobile,17,4
50490,1089,2024-06-05,Series,Mobile,63,4
53502,1364,2024-02-18,Drama,Laptop,47,5
54072,1125,2024-01-01,Romance,Tablet,53,4
52425,1171,2024-02-08,Action,Smart TV,73,1
54947,1587,2024-02-22,Animation,Smart TV,5,4
50738,1475,2024-01-12,Romance,Smart TV,79,3
52580,1382,2024-06-13,Drama,Mobile,68,5
52755,1351,2024-06-05,Series,Mobile,24,4
50743,1289,2024-05-01,Romance,Smart TV,36,5
54101,1381,2024-02-15,Romance,Laptop,105,4
52550,1157,2024-08-02,Animation,Laptop,27,4
54879,1534,2024-02-11,Action,Laptop,12,5
53699,1242,2024-03-01,Series,Laptop,75,1
51779,1215,2024-01-16,Comedy,Smart TV,49,3
53246,1138,2024-08-17,Drama,Laptop,87,2
50359,1393,2024-07-25,Series,Mobile,40,5
52527,1161,2024-06-11,Action,Smart TV,5,4
54248,1092,2024-02-17,Series,Smart TV,5,4
54317,1357,2024-08-16,Animation,Smart TV,23,4
54808,1487,2024-05-31,Drama,Smart TV,54,4
52995,1332,2024-08-08,Romance,Laptop,87,3
52491,1236,2024-05-04,Horror,Mobile,107,2
53618,1358,2024-02-09,Documentary,Laptop,39,1
50249,1339,2024-01-11,Series,Laptop,48,4
50109,1384,2024-02-24,Series,Smart TV,41,5
52773,1179,2024-08-01,Drama,Mobile,102,4
50689,1462,2024-02-19,Action,Laptop,33,4
52432,1295,2024-08-03,Documentary,Smart TV,48,1
53869,1478,2024-07-05,Romance,Mobile,78,3
54325,1358,2024-05-23,Comedy,Smart TV,47,4
51485,1275,2024-01-13,Comedy,Mobile,56,4
54025,1383,2024-07-17,Romance,Laptop,67,4
53235,1448,2024-06-01,Action,Mobile,26,4
54482,1156,2024-06-14,Animation,Smart TV,67,5
53218,1095,2024-06-27,Animation,Smart TV,52,4
52118,1138,2024-07-19,Action,Smart TV,25,4
53358,1094,2024-04-06,Romance,Mobile,12,3
54890,1229,2024-03-05,Documentary,Smart TV,12,4
51968,1541,2024-03-08,Documentary,Smart TV,5,1
50789,1259,2024-01-14,Horror,Laptop,53,5
54630,1218,2024-06-06,Documentary,Laptop,5,3
54361,1009,2024-01-26,Action,Laptop,27,5
52146,1480,2024-04-05,Comedy,Smart TV,35,4
50424,1409,2024-05-06,Animation,Smart TV,71,3
54066,1335,2024-07-02,Action,Mobile,49,5
53784,1278,2024-08-22,Drama,Mobile,53,5
54712,1430,2024-01-01,Comedy,Laptop,38,5
51170,1410,2024-03-17,Drama,Mobile,9,3
52085,1243,2024-07-22,Romance,Smart TV,76,3
51211,1501,2024-07-24,Romance,Laptop,53,4
54445,1337,2024-03-13,Comedy,Smart TV,59,5
52512,1085,2024-03-21,Series,Smart TV,15,3
54330,1319,2024-06-05,Horror,Laptop,56,4
52740,1370,2024-03-12,Drama,Tablet,47,5
53903,1041,2024-07-06,Romance,Mobile,41,5
53306,1558,2024-06-19,Animation,Smart TV,55,4
52566,1345,2024-03-28,Drama,Laptop,43,5
53047,1001,2024-06-05,Action,Tablet,70,4
52275,1252,2024-04-12,Drama,Laptop,57,4
51811,1579,2024-04-04,Drama,Smart TV,99,5
54910,1461,2024-03-05,Action,Laptop,64,4
52464,1248,2024-04-17,Comedy,Smart TV,57,5
54571,1449,2024-01-22,Documentary,Mobile,59,5
53428,1385,2024-07-08,Action,Laptop,24,4
51941,1309,2024-07-16,Comedy,Laptop,29,5
53117,1418,2024-01-06,Documentary,Smart TV,81,4
53147,1403,2024-03-15,Animation,Laptop,5,4
54046,1425,2024-01-09,Comedy,Tablet,67,5
52547,1415,2024-07-01,Documentary,Mobile,32,4
54421,1590,2024-06-08,Horror,Laptop,64,4
50819,1466,2024-01-05,Horror,Mobile,8,5
53584,1215,2024-08-10,Comedy,Laptop,89,4
50976,1523,2024-01-04,Animation,Smart TV,71,5
51219,1373,2024-03-20,Documentary,Laptop,46,5
52870,1514,2024-05-01,Documentary,Mobile,13,2
52367,1027,2024-01-30,Romance,Tablet,57,5
50003,1206,2024-05-23,Comedy,Laptop,55,4
54819,1095,2024-02-25,Animation,Laptop,5,5
53263,1578,2024-05-08,Romance,Smart TV,26,5
51321,1170,2024-08-12,Animation,Smart TV,15,3
54790,1490,2024-01-15,Documentary,Laptop,33,5
54580,1269,2024-03-15,Comedy,Laptop,76,5
50052,1374,2024-08-23,Horror,Tablet,73,5
53350,1007,2024-04-12,Romance,Laptop,78,5
53657,1314,2024-04-14,Series,Smart TV,55,3
54730,1580,2024-03-10,Action,Laptop,57,4
53976,1279,2024-02-02,Action,Tablet,10,5
50375,1346,2024-03-10,Drama,Laptop,67,3
50235,1344,2024-03-07,Animation,Mobile,79,4
51120,1360,2024-07-16,Comedy,Laptop,36,5
52004,1396,2024-01-05,Horror,Smart TV,33,4
53481,1523,2024-08-18,Romance,Mobile,66,5
50203,1349,2024-07-10,Action,Tablet,58,5
51486,1369,2024-02-22,Comedy,Laptop,45,5
53915,1323,2024-07-28,Action,Smart TV,35,5
51672,1041,2024-01-06,Romance,Smart TV,121,2
51076,1495,2024-08-16,Documentary,Mobile,36,4
51416,1450,2024-01-06,Horror,Laptop,49,5
51142,1221,2024-07-02,Romance,Mobile,29,3
52277,1373,2024-05-30,Action,Laptop,59,5
51115,1366,2024-07-21,Action,Smart TV,63,5
51800,1327,2024-01-03,Action,Smart TV,41,4
53559,1449,2024-04-24,Comedy,Smart TV,109,4
52125,1488,2024-07-10,Drama,Smart TV,54,4
54982,1567,2024-05-13,Horror,Laptop,35,4
54167,1590,2024-05-05,Documentary,Tablet,171,4
53655,1551,2024-06-30,Drama,Laptop,48,5
50418,1307,2024-05-28,Documentary,Smart TV,41,3
54704,1564,2024-03-07,Series,Tablet,5,4
52996,1065,2024-03-31,Documentary,Laptop,77,4
50073,1111,2024-06-04,Action,Smart TV,46,4
51697,1057,2024-02-19,Horror,Smart TV,30,4
52816,1514,2024-01-26,Action,Smart TV,42,1
53385,1535,2024-02-08,Series,Laptop,79,4
54345,1047,2024-02-27,Animation,Mobile,109,4
52492,1395,2024-01-27,Animation,Laptop,117,4
51062,1414,2024-06-26,Romance,Smart TV,35,4
50305,1515,2024-01-14,Action,Smart TV,28,4
54494,1580,2024-01-23,Series,Tablet,60,4
50672,1572,2024-04-01,Horror,Laptop,65,3
51287,1166,2024-07-28,Romance,Mobile,45,1
51202,1404,2024-04-21,Animation,Smart TV,36,5
51510,1161,2024-03-24,Romance,Laptop,30,2
51513,1576,2024-04-19,Comedy,Smart TV,20,5
50510,1414,2024-03-01,Animation,Smart TV,34,5
53643,1525,2024-06-28,Animation,Laptop,21,4
51565,1072,2024-08-08,Action,Mobile,75,4
50461,1598,2024-07-14,Documentary,Laptop,48,5
51338,1046,2024-02-22,Drama,Laptop,13,4
54272,1362,2024-08-01,Animation,Smart TV,106,4
53447,1451,2024-06-19,Action,Smart TV,79,4
52187,1527,2024-05-29,Comedy,Smart TV,111,3
53006,1243,2024-02-25,Comedy,Laptop,78,4
50934,1034,2024-03-25,Animation,Laptop,76,4
54441,1233,2024-02-28,Documentary,Laptop,50,4
54063,1205,2024-08-28,Animation,Laptop,57,2
51806,1368,2024-06-16,Romance,Smart TV,74,5
51832,1280,2024-06-13,Documentary,Mobile,66,5
54719,1019,2024-01-05,Horror,Tablet,21,4
54090,1464,2024-07-29,Documentary,Smart TV,92,5
53554,1437,2024-02-01,Romance,Mobile,6,4
51908,1195,2024-02-28,Documentary,Laptop,66,5
54925,1370,2024-03-09,Drama,Tablet,41,3
50494,1468,2024-01-30,Drama,Smart TV,36,5
50778,1169,2024-01-26,Documentary,Laptop,94,4
50654,1242,2024-03-10,Comedy,Tablet,18,2
52135,1168,2024-07-31,Comedy,Mobile,64,3
50437,1292,2024-01-09,Documentary,Laptop,28,4
52404,1491,2024-05-01,Series,Laptop,54,5
52974,1268,2024-01-20,Documentary,Laptop,34,5
52474,1404,2024-05-26,Romance,Laptop,60,1
51404,1397,2024-06-13,Documentary,Smart TV,72,4
51318,1425,2024-08-12,Series,Mobile,6,4
54854,1092,2024-02-27,Series,Tablet,63,5
50728,1145,2024-03-20,Comedy,Smart TV,64,4
51057,1205,2024-02-11,Series,Mobile,110,5
53204,1147,2024-01-30,Series,Smart TV,23,3
52194,1500,2024-03-07,Comedy,Mobile,5,2
54198,1089,2024-08-10,Action,Smart TV,96,4
52703,1014,2024-05-10,Action,Smart TV,98,5
53947,1458,2024-03-23,Animation,Tablet,71,5
54113,1098,2024-05-19,Comedy,Smart TV,44,4
53882,1523,2024-01-29,Drama,Smart TV,84,3
50362,1440,2024-04-18,Animation,Smart TV,85,5
50332,1458,2024-08-07,Series,Mobile,38,5
53183,1176,2024-06-02,Comedy,Smart TV,78,3
54944,1514,2024-06-28,Action,Laptop,36,4
51618,1319,2024-08-26,Series,Tablet,77,3
53463,1114,2024-08-27,Romance,Tablet,54,1
50988,1555,2024-04-08,Series,Smart TV,32,4
53403,1153,2024-08-22,Action,Mobile,69,5
53873,1443,2024-02-12,Animation,Smart TV,5,5
50166,1341,2024-02-23,Action,Mobile,88,3
54187,1479,2024-07-02,Romance,Smart TV,65,4
51917,1566,2024-01-04,Animation,Smart TV,50,5
51479,1391,2024-07-11,Romance,Mobile,67,5
50737,1198,2024-04-02,Comedy,Mobile,52,4
54563,1252,2024-04-15,Documentary,Tablet,24,5
51029,1078,2024-02-06,Series,Mobile,16,5
50678,1404,2024-01-12,Drama,Smart TV,38,4
50674,1014,2024-07-20,Romance,Mobile,57,4
54281,1159,2024-01-22,Action,Laptop,38,4
53565,1421,2024-01-08,Drama,Smart TV,60,4
51741,1493,2024-04-30,Comedy,Laptop,70,1
51315,1098,2024-02-27,Drama,Laptop,22,1
52242,1235,2024-02-24,Comedy,Laptop,70,4
51021,1009,2024-03-19,Animation,Mobile,28,5
54276,1308,2024-08-25,Horror,Mobile,59,4
52372,1013,2024-03-15,Horror,Tablet,54,5
50615,1022,2024-06-20,Romance,Smart TV,61,5
50377,1366,2024-01-05,Horror,Mobile,35,5
52484,1209,2024-02-14,Action,Mobile,30,5
53514,1383,2024-01-23,Drama,Smart TV,69,5
53786,1381,2024-02-21,Comedy,Mobile,25,4
52714,1179,2024-08-03,Series,Mobile,62,5
52605,1121,2024-01-07,Action,Laptop,25,5
52873,1361,2024-08-10,Romance,Laptop,60,5
54949,1294,2024-08-28,Series,Smart TV,39,5
54131,1590,2024-02-26,Horror,Mobile,73,5
52398,1356,2024-08-19,Series,Laptop,39,4
51013,1208,2024-03-17,Documentary,Laptop,79,3
54579,1174,2024-05-25,Animation,Laptop,46,4
52743,1431,2024-07-23,Romance,Mobile,43,4
54629,1237,2024-03-15,Action,Smart TV,75,4